Rank,Industry,Sector,Relative Strength,Percentile,Relative Strength Short Term,Short Term Percentile,10D_RS,10D_RS_Percentile,1M_RS,1M_RS_Percentile,3M_RS,3M_RS_Percentile,6M_RS,6M_RS_Percentile,Tickers
1,Oil & Gas Refining & Marketing,Energy,141.26,99.0,124.08,97.62,133.5,98.31,125.82,97.62,111.59,89.31,118.34,85.85,"DLXY,PBF,VLO,MPC,DINO,DK,CVI,PARR,PSX,UGP,WKC,SUN,DKL,SGU,CAPL,IEP,APC,CLNE"
2,Electronics & Computer Distribution,Technology,138.24,98.31,131.16,98.31,134.02,99.0,113.55,92.77,108.8,88.62,93.78,45.69,"IZM,AVT,NSIT,ARW,SNX,CNXN,SCSC,CLMB"
3,Semiconductor Equipment & Materials,Technology,134.63,97.62,107.29,94.85,124.93,96.23,130.3,98.31,174.32,99.0,236.19,99.0,"AXTI,AEHR,COHU,FORM,TER,ICHR,AMAT,ONTO,KLIC,LRCX,UCTT,ENTG,VECO,INTT,ACMR,ASML,ACLS,ASYS,KLAC,CAMT,Q,AMKR,ATOM,PLAB,TRT,NVMI,AMBA,IPGP,DQ,SMTK"
4,Publishing,Communication Services,130.86,96.92,152.5,99.0,129.62,96.92,94.56,59.54,105.93,87.92,109.36,77.54,"TNMG,WLYB,WLY,TDAY,PSO,SCHL,LEE,NYT,EDUC"
5,Semiconductors,Technology,124.96,96.23,105.05,91.38,117.9,92.77,111.09,90.0,151.51,98.31,125.99,90.0,"MXL,MU,AMD,ASX,UMC,MRVL,IMOS,SMTC,INTC,SIMO,TSEM,ALAB,ARM,SITM,VSH,AMBQ,MTSI,NVEC,DIOD,LEDS,STM,MRAM,HIMX,WOLF,LSCC,SWKS,TSM,TXN,SYNA,ADI,QRVO,MPWR,CRDO,PI,CEVA,GCTS,ON,SLAB,AIP,QUIK,NVDA,NVTS,MCHP,VLN,POWI,QCOM,MX,MCHPP,POET,RMBS,ALGM,GFS,AOSL,NXPI,AVGO,PXLW,IPWR,GSIT,CRUS,LASR,FABC,ALMU,NA,LAES,INDI,SQNS,PRSO,MOBX"
6,Copper,Basic Materials,121.25,95.54,105.29,92.08,119.61,94.15,122.04,96.92,100.45,77.54,149.89,95.54,"TGB,ERO,FCX,HBM,SCCO,TECK,IE"
7,Diagnostics & Research,Healthcare,119.55,94.85,106.75,94.15,119.19,93.46,115.0,94.85,105.3,86.54,94.11,47.77,"CDNA,BDSX,GRAL,ILMN,NTRA,PSNL,GH,ADPT,XGN,NEO,RVTY,CRL,FRNM,CSTL,QUCY,IQV,A,TMO,NDRA,WAT,DGX,BNR,MTD,OPK,MEDP,LH,VCYT,SHC,QGEN,DHR,FLGT,ICLR,RDNT,BLLN,XWEL,ADVB,PRPO,WGS,IDXX,IMDX,MYGN,MDXH,BIAF,ISPC"
8,Silver,Basic Materials,115.86,94.15,95.12,59.19,131.4,97.62,137.69,99.0,103.05,83.77,157.26,96.92,"NEWP,AYA,SVM,AG,EXK,HSLV"
9,Marine Shipping,Industrials,115.24,93.46,97.74,78.23,116.29,92.08,113.86,93.46,101.24,80.31,114.49,82.38,"EDRY,ECO,EHLD,GLBS,HMR,HAFN,HSHP,SHIP,SB,MATX,DAC,NMM,ASC,SFL,SBLK,DSX,USEA,ZIM,GNK,PANL,CMDB,GSL,SMHI,ESEA,KEX,GASS,CMRE,CCEC,HOS,CTRM,PSHG,VNTG,ICON,UFG,HTCO,RUBI,NCT,CISS"
10,Lumber & Wood Production,Basic Materials,112.97,92.77,111.88,96.92,123.75,95.54,100.42,76.85,77.09,11.08,81.51,18.69,"NWGL,JCTC,WFG,BCC,SSD,UFPI"
11,Computer Hardware,Technology,110.51,92.08,99.33,83.08,109.23,90.69,114.65,94.15,131.25,97.62,119.5,86.54,"SNDK,QMCO,DELL,STX,P,CRSR,WDC,QTEX,DDD,SMCI,HPQ,CRCT,ANET,UMAC,SCKT,VELO,TACT,LOGI,NNDM,YIBO,OSS,IQMX,IONQ,BGIN,SSYS,BTCT,UAVS,QUBT,EBON,ICG,RGTI,QBTS,CAN,KTCC,PSQL,BRAI,AGMH,AMCI,MCRP,VTIX,QCLS"
12,Oil & Gas Midstream,Energy,109.25,91.38,98.38,80.31,110.04,91.38,111.4,91.38,104.63,85.15,115.88,84.46,"PXS,FRO,INSW,NAT,LPG,TRMD,DHT,TEN,CMBT,BWLP,TNK,TK,PBT,TORO,NGL,STNG,SUNC,TRGP,NVGS,KNTK,PAGP,PAA,VG,FLNG,SMC,IMPP,WES,LNG,MPLX,OKE,GLNG,HESM,SOBO,EPD,CQP,PBA,EE,IMPPP,KMI,WMB,KNOP,DLNG,GLP,VNOM,AM,SBR,TRP,DTM,MARPS,ENB,GEL,MMLP,BANL,TMDE,TOPS,NFE,RBNE"
13,Electronic Components,Technology,108.57,90.69,103.03,90.69,100.0,80.31,100.11,74.77,120.51,95.54,135.35,93.46,"OPTX,VICR,ALNT,MEI,KOPN,BHE,RELL,OUST,ROG,FLEX,TTMI,SANM,LINK,KN,RAL,PLXS,LFUS,GLW,BELFB,CLS,CTS,APH,BELFA,JBL,MPTI,TEL,LPTH,OST,FN,LYTS,DAIO,DSWL,REFR,CPSH,DAKT,ELTK,OLED,OSIS,KULR,WETH,IMTE,NEON,MTEK,MSAI,GAUZ"
14,Communication Equipment,Technology,107.11,90.0,100.05,85.85,105.42,87.23,102.03,78.23,128.22,96.23,167.42,97.62,"LITE,SILC,HPE,AAOI,VIAV,OCC,FEIM,ZBRA,DGII,VSAT,CIEN,WATT,CSCO,LTRX,NOK,TSAT,AUDC,VISN,EXTR,MSI,CLFD,BOSC,UI,HLIT,BDC,FIEE,AVNW,UTSI,BKTI,CRNT,NTGR,ERIC,AIRG,MITQ,ONDS,AMPG,SYNX,ASTS,FKWL,CLRO,GILT,ADTN,CMTL,INSG"
15,Steel,Basic Materials,106.1,89.31,105.57,92.77,100.86,83.08,102.4,78.92,113.5,91.38,99.18,60.92,"HLP,FRD,TX,NUE,GGB,NWPX,STLD,MT,RS,WS,MTUS,ASTL,CLF,ZKIN,PKX,SID,SIM,LUD,MSB,HUDI,INHD"
16,Oil & Gas Drilling,Energy,103.79,88.62,96.03,67.85,105.38,86.54,107.35,87.92,100.92,79.62,156.6,96.23,"PTEN,HP,NBR,VAL,NE,SDRL,RIG,PDS,BORR,SOC"
17,Oil & Gas Integrated,Energy,103.44,87.92,97.39,76.15,106.36,87.92,106.53,85.85,94.11,60.92,127.4,90.69,"PBR,CVE,EC,EQNR,YPF,SU,E,SLNG,XOM,CVX,SHEL,BP,TTE,IMO,DEC,TGS,NFG,SKYQ,VIVK"
18,Footwear & Accessories,Consumer Cyclical,102.97,87.23,105.69,93.46,95.77,74.08,90.86,44.31,93.41,59.54,110.8,78.92,"FOSL,VRA,WEYS,FWDI,RCKY,SHOO,CROX,DBI,WWW,ONON,BIRK,DECK,NKE,FMFC"
19,Healthcare Plans,Healthcare,102.92,86.54,94.75,54.69,107.69,89.31,112.83,92.08,129.76,96.92,80.15,14.54,"CLOV,OSCR,HUM,CNC,ELV,PGNY,UNH,MOH,CVS,CI,ALHC"
20,REIT - Hotel & Motel,Real Estate,102.85,85.85,95.6,64.38,98.63,77.54,103.81,81.0,113.46,90.0,98.26,56.77,"CLDT,PEB,RLJ,PK,DRH,APLE,RHP,HST,SHO,INN,XHR,IHT,SVC,BHR,AHT"
21,Banks - Diversified,Financial Services,101.34,85.15,93.73,47.08,107.79,90.0,116.22,95.54,113.47,90.69,115.75,83.77,"MUFG,ING,SMFG,BNS,BBVA,TD,SAN,HSBC,NTB,CM,BNY,BMO,RY,C,UBS,JPM,BAC,BCS,WFC"
22,"Furnishings, Fixtures & Appliances",Consumer Cyclical,101.1,84.46,100.41,88.62,95.68,72.69,104.5,83.08,100.48,78.23,95.22,49.85,"HBB,FLXS,LCUT,FGI,SN,VIOT,MWYN,BSET,XMAX,HNI,TILE,EFOI,MLKN,MHK,ETD,VIRC,HOFT,COOK,LOVE,KEQU,CRWS,ALH,LZB,SGI,MBC,ATER,WHR,PRPL"
23,Discount Stores,Consumer Defensive,100.74,83.77,100.33,87.23,98.78,78.23,102.48,80.31,97.44,69.23,98.84,58.15,"TBBB,TGT,PSMT,BJ,DG,OLLI,DLTR,COST,WMT"
24,Trucking,Industrials,100.45,83.08,96.76,69.92,103.19,85.85,98.25,72.69,115.55,92.77,105.87,72.0,"ETS,RXO,ARCB,KNX,SNDR,CVLG,XPO,ULH,PAMT,HTLD,WERN,ODFL,TFII,MRTN,SAIA,TOPP"
25,Medical Care Facilities,Healthcare,100.33,82.38,91.56,28.38,107.05,88.62,110.66,89.31,120.34,94.85,97.42,54.69,"AGL,AMN,MCTA,LFST,NUTX,CON,STLN,PACS,AVAH,CMPS,NHC,PARK,THC,PNTG,GRDN,INNV,ACHC,PIII,MD,CHE,DVA,ASTH,USPH,SNDA,EHC,HCSG,ADUS,ARDT,CCEL,HCA,UHS,ENSG,FMS,SRTA,AUNA,OPCH,BKD,WW,CYH,SGRY,JYNT,AMS,CCM,AIRS,DCGO,BTMD,BMGL,NIVF"
26,Banks - Regional,Financial Services,99.1,81.69,96.78,70.62,99.45,79.62,105.3,84.46,102.07,81.69,107.43,73.38,"OPHC,CIB,MSBI,CLBK,CMTV,BYFC,VBNK,CFFI,CHMG,GCBC,BOTJ,HFBL,FMAO,AMTB,BWFG,MFG,SBFG,HBT,WCCB,PBAM,AMAL,ITUB,RCBC,NKSH,ASRV,BBD,RBKB,ATLO,ALRS,CARE,BPRN,CBNK,WTBA,SHG,ACNB,CBNA,PFIS,FCBC,CZFS,BBDO,PGC,OBK,RRBI,PLBC,CFBK,TMP,KFFB,KB,FBIZ,SMBK,MBIN,TRST,FBLA,WF,CAC,SRCE,RBCAA,BSVN,CTBI,CBC,FNWD,PKBK,FISI,WASH,OSBC,CZNC,OBT,FDBC,AVBC,WSFS,KRNY,CFFN,SHBI,EFSI,FNRN,USCB,LSBK,BAP,CCNE,FVCB,AVAL,BHB,RBB,GSBC,FRAF,NWFL,FNLC,PBFS,PCB,FMBH,FBP,EGBN,VABK,TSBK,PDLB,BY,FRST,LCNB,FCAP,ECBK,DCOM,PEBK,MCBS,MBWM,THFF,GABC,STBA,LARK,UVSP,QNBC,TFSL,BCAL,HOPE,OFG,BUSE,NWBI,HNVR,QCRH,FXNC,PBHC,NBTB,MPB,BFST,MBBC,CATY,BSRR,WSBF,IFS,NIC,BAFN,RVSB,INBK,CIVB,WABC,CHCO,HAFC,MNSB,CBK,UBSI,ORRF,MVBF,CWBC,SFNC,HWBK,PEBO,NECB,SMBC,FCF,NBBK,FDSB,SFST,BVFL,FMNB,JMSB,CPBI,BLX,BFC,BRBS,PROV,OVBC,FUNC,BPOP,COSO,HBNC,COFS,AROW,PFBC,FSBC,OVLY,CVBF,TCBX,CFR,NBN,FFBC,HBCP,CZWI,ISTR,CCBG,SYBT,FBNC,CPF,BCH,CBAN,FULT,EWBC,SRBK,WSBK,CNOB,FSBW,MYFW,BHRB,OPBK,RMBI,FCCO,HWC,NWG,IBCP,PRK,AVBH,HYNE,TCBK,WSBC,TRMK,HFWA,ESQ,MGYR,FUSB,BSBR,EBC,BWB,BSAC,WNEB,FRBA,MCHB,ASB,PFS,CLST,TOWN,ONB,MRBK,EQBK,SPFI,BANR,BMRC,MSBIP,CNOBP,SSB,CBFV,FCNCA,FSUN,USB,MBINM,INDB,HTB,CFG,LYG,NEWTP,AUBN,VLYPO,UNTY,VLYPP,MCB,UCB,RNST,SBCF,BCML,FIBK,HOMB,AUB,MNSBP,NU,CUBI,ONBPP,BBT,FITB,ZION,UMBF,CCNEP,ONBPO,VLY,MTB,EBMT,COLB,PNFP,BOKF,EFSC,DB,HBANL,FNWB,WTFCN,BSBK,CBSH,WSBCO,FRMEP,FRME,BWBBP,FNB,VLYPN,FGBI,NRIM,SFBS,PNC,MBNKO,WTFC,ABCB,MBINL,FFIN,LKFN,IBOC,PB,CBU,LOB,UMBFO,SFBC,HIFS,SBSI,RF,WAFDP,TCBI,FHN,BKU,TCBS,KEY,BUSEP,FGBIP,OZK,BMA,UNB,MBINN,TFC,AX,TFIN,IBN,FULTP,BANF,WAL,SSBI,HBANP,FHB,NBHC,BCBP,UBCP,FBK,OCFC,BANC,ZIONP,INTR,BOH,HBANZ,TCBIO,NEWT,ISBA,OZKAP,HBANM,FCNCO,WAFD,GBCI,BBAR,HBAN,HAPN,GGAL,FCNCP,CASH,SUPV,NPB,FLG,AGBK,EFSCP,HDB,TBBK,PNBK,FINW,GBFH,CCB,SHFS"
27,Staffing & Employment Services,Industrials,98.96,81.0,93.92,49.15,102.84,85.15,111.3,90.69,102.0,81.0,83.22,23.54,"HQI,MAN,KELYB,TBI,KELYA,KFRC,NSP,TNET,RHI,KFY,JOB,STRRP,MHH,BGSF,STRR,BBSI,GLXG,CIRC,IPDN"
28,Oil & Gas E&P,Energy,98.18,80.31,98.91,82.38,100.31,81.0,100.99,77.54,88.5,39.46,114.15,81.0,"GTE,WTI,APA,CRGY,REPX,KOS,BSIN,GPRK,SM,PR,BTE,CRT,OBE,TALO,LB,KGEI,CNQ,OVV,VIST,CHRD,HPK,VOC,VET,EGY,NRT,DMLP,WDS,COP,DVN,REI,OXY,EOG,TXO,EPSN,MUR,KRP,NOG,PNRG,GFR,BSM,FANG,MXC,MTDR,PVL,TBN,SD,RRC,PED,CRC,AR,CKX,GLND,VTS,TPL,AMPY,MGY,GRNT,EQT,EPM,INR,CNX,FTW,MNR,INDO,EONR,SJT,EXE,GPOR,EP,BRN,BKV,ANNA,CRK,PRT,BATL,MTR,TPET,PROP"
29,Railroads,Industrials,97.8,79.62,98.77,81.69,99.27,78.92,104.77,83.77,92.06,51.92,93.81,46.38,"SWVL,WAB,CSX,FSTR,CNI,UNP,CP,NSC,GBX,TRN,RAIL,RVSN"
30,Real Estate - Diversified,Real Estate,97.57,78.92,97.31,74.77,95.76,73.38,97.7,70.62,96.12,66.46,119.64,87.23,"JOE,VTMX"
31,Entertainment,Communication Services,97.17,78.23,107.59,95.54,100.45,81.69,93.88,55.38,87.0,31.85,93.05,44.31,"MPU,AMC,RDI,RDIB,MCS,IMAX,STRZ,MSGE,MSGS,ROKU,CNK,AMCX,WBD,BATRA,BATRK,MANU,ANGH,NWSA,RSVR,NWS,SIRI,FOXA,FOX,SPHR,LYV,LLYVA,LLYVK,DIS,ANGX,FWONA,FWONK,WMG,TKO,LFS,NIPG,TOON,PSKY,HUYA,VSNT,NFLX,CNVS,IQ,AENT,PLAY,GAIA,KUST,ZNB,CPOP"
32,Industrial Distribution,Industrials,97.07,77.54,100.56,89.65,93.27,67.85,94.85,63.35,91.44,49.15,95.45,51.23,"XMTR,TITN,DXPE,TLIH,WCC,GIC,MSM,BXC,DSGR,AIT,DNOW,GWW,FAST,ALTG,FERG,EVI,CNM,WXM,WSO,REZI,SITE,POOL,QXO,WATR"
33,Financial Conglomerates,Financial Services,96.54,76.85,90.13,19.73,101.54,83.77,110.01,88.62,118.8,94.15,138.42,94.15,"VOYA,RILYL,RILYP,IX,FRHC,HTH,TMS,RILY"
34,Oil & Gas Equipment & Services,Energy,95.13,76.15,93.11,42.23,100.65,82.38,103.87,81.69,117.13,93.46,132.21,92.77,"FET,FTK,SND,EFXT,WTTR,OII,SEI,NESR,WHD,TDW,FTI,TS,INVX,SLB,XPRO,NOV,KGS,RES,WBI,OMSE,BKR,AESI,OIS,USAC,RNGR,HAL,STAK,WFRD,HMH,FLOC,ACDC,LBRT,DWSN,PUMP,VTOL,AROC,NGS,DTI,LSE,NEXT,NOA,NINE,CLB,TTI,KLXE,GEOS,GOW,RCON"
35,Specialty Chemicals,Basic Materials,94.89,75.46,97.37,75.46,92.73,66.46,94.77,62.31,95.42,64.38,114.29,81.69,"FEAM,CLMT,MNTK,SSL,KRO,ALTO,MATV,KOP,FF,SXT,ODC,IOSP,NEU,SCL,ASPN,AVNT,ASH,IFF,KWR,ESI,NGVT,LYB,CMT,AXTA,DD,SQM,BCPC,ECL,CBT,PRM,APD,SOLS,LIN,EMN,PPG,OEC,LWLG,MTX,SHW,WDFC,ACNT,ECVT,FSI,CNEY,NTIC,RPM,HWKN,FUL,AMTX,ALB,CC,BON,WLK,HDSN,GEVO,YMAT,ASPI,BGLC,SNES,CITR,LOOP"
36,Tools & Accessories,Industrials,94.85,74.77,98.04,79.62,90.39,58.85,97.44,69.92,98.1,71.31,106.04,72.69,"TKR,SWK,TTC,LECO,EML,KMT,RBC,SNA,CVR,ZJK,HLMN"
37,Farm & Heavy Construction Machinery,Industrials,94.13,74.08,97.08,74.08,92.0,65.08,97.89,72.0,87.57,33.92,91.38,39.46,"MTW,BNC,XOS,WNC,ARTW,CNH,DE,GENC,CAT,CMCO,AGCO,FSS,HY,LNN,AEBI,TEX,PCAR,OSK,ALG,BLBD,TWI,ASTE,HYFM,GP,SCAG,HCAI"
38,Insurance - Property & Casualty,Financial Services,94.07,73.38,95.08,56.77,97.66,76.85,106.98,87.23,99.45,74.77,92.91,42.92,"PRCH,SAFT,UFCS,PRHI,SLDE,AII,HRTG,UVE,BOW,ASIC,TRV,THG,HGTY,KINS,AIZ,HIPO,SKWD,MCY,NODK,HCI,CB,AFG,ALL,DGICA,CNA,WRB,SIGI,L,HMN,CINF,WTM,PGR,PLMR,RLI,SIGIP,ORI,GBLI,DGICB,KNSL,MKL,ACIC,TRUP,KMPR,STC,ROOT,LMND"
39,Software - Infrastructure,Technology,94.05,72.69,98.5,81.0,93.57,68.54,92.31,47.77,96.64,68.54,82.61,21.46,"BTLN,BAND,AIFA,RXT,PAYS,OKTA,TWLO,CRWD,DOCN,NUAI,BLZE,AGPU,PANW,NTAP,FTNT,USIO,BB,FIVN,RBRK,ZETA,FATN,GTLB,GCT,S,QLYS,NET,TGHL,APPN,TENB,NTNX,OSPN,NTSK,FFIV,RELY,HQ,VRNS,PRTH,MOVE,CCSI,CPAY,PLTR,MSFT,DBX,BOX,FLYW,NTCT,SAIL,RAMP,YEXT,KSPI,PAGS,IOT,PAYO,AVPT,ATEN,RPD,ZS,AZIO,SABR,SANG,WEX,VRSN,ARQQ,PAY,RDWR,SNPS,SKYA,RPAY,MDB,XYZ,PATH,AKAM,BIRD,DRK,WIX,DLO,TDC,ACIW,AI,ORIO,INFQ,GDDY,PGY,CHOW,EVTC,PRGS,MQ,BLSH,TOST,CGNT,STNE,LSAK,ALLT,VIVO,CRWV,DOX,BRUN,GEN,PAYP,AEVA,TLS,EXOD,PICS,NYAX,XBP,CORZ,ORCL,EEFT,NN,GRRR,RKTO,BLIN,VHC,CHKP,PDYN,IMXI,BTQ,CINT,AVX,TUYA,AIB,OWLS,CALX,AISP,DTSS,XNET,FOUR,BKKT,RZLV,BNAI,PSFE,MLGO,CLBT,INTZ,LIDR,TCX,ZENA,IIIV,SUPX,KPLT,QNC,CISO,AIFC,XNDU,GOAI,DAVA,SLMT,SWMR,ZSQR,OLB,AUID,VERI,ALAR,CETX,HOST,ATGL,MBAI,DVLT,TAOP,KDK,HPAI,CYAB,OBAI,CSAI,XLAB,LHSW,HUBC,WETO,YYAI"
40,Gold,Basic Materials,93.83,72.0,92.19,37.38,102.69,84.46,105.93,85.15,84.52,25.62,145.8,94.85,"AUGO,CGAU,TRX,MAKO,VGZ,SSRM,DC,ARIS,FSM,IAUX,BTG,HYMC,EGO,NEM,IAG,THM,WPM,AU,AEM,RGLD,FNV,ELE,HMY,B,CMCL,OGC,OR,SA,PAAS,EQX,CDE,DRD,OGG,GFI,AGI,PZG,GROY,KGC,GAU,USAU,CNL,FURY,MINE,NG,AAUC,CTGO,GLDG,GORO,NFGC,IDR,NAMM,AUST,BGL"
41,Medical Instruments & Supplies,Healthcare,93.8,71.31,96.92,72.69,95.0,72.0,97.78,71.31,87.69,34.62,83.71,24.92,"PLSE,ATRC,AZTA,BLFS,AVTR,SMTI,HBIO,PDEX,RGEN,ANGO,MMED,WST,OSUR,SOLV,BDX,ICUI,BAX,KMTS,UTMD,MMSI,BNGO,MLSS,WRBY,EMBC,BLCO,STVN,POCI,TFX,NEPH,NVST,RMD,ATR,RVP,DXR,ISRG,STAA,ALC,MDLN,ALGN,LMAT,COO,LUCY,ZJYL,XRAY,KRMD,STXS,CUPR,RGNT,FEMY,NNNN,NXGL"
42,Department Stores,Consumer Cyclical,93.39,70.62,100.56,89.65,86.53,44.31,93.2,51.23,96.25,67.85,101.89,66.46,"KSS,DDS,M,PLBL"
43,Shell Companies,Financial Services,93.32,69.92,100.22,86.54,91.5,62.31,92.57,49.85,89.9,44.31,92.57,41.88,"RFAIU,XRPN,RFAI,XRPNU,RIBBU,FVNNU,TDACU,ACGCU,UYSCU,BKHAU,DTSQU,WTGUU,NTWOU,BKHA,NOEMU,INACU,DTSQ,UYSC,CAPNU,YHNAU,DMAAU,CCXIU,BSAA,ADACU,PONOU,QSEAU,CRAQU,BEAGU,EURKU,LKSPU,MACIU,DMAA,CAPN,YHNA,RANGU,CHECU,PMTRU,GIWWU,CHAR,QSEA,VLOSU,WTG,MKLYU,SIMA,SVIVU,RNGTU,SIMAU,LPAAU,PGACU,FSHP,LCCCU,MACI,AACIU,SVAQU,GPAT,ALIS,DBCAU,RANG,DYNC,ILLUU,JACS,NBRGU,TAVIU,NHIVU,PGAC,GSRFU,INAC,NTWO,COPL,CHARU,APACU,SVCC,CHPG,GTERA,PACH,QETA,KFII,XCBEU,AIIA,OACCU,MKLY,HAVA,QETAU,TDAC,LCCC,NMP,KCHV,DRDB,OYSE,SSEA,RFAMU,SPEG,CCXI,EVAC,GSHR,QUMS,ALDF,SOUL,TACH,TAVI,WLIIU,SZZL,APAC,CRAC,HVMC,NPAC,PAII,VNME,WENNU,FERA,TACHU,OBA,CHEC,LKSP,MMTX,ORIQ,IBAC,KOYN,LWAC,SDHI,EURK,XFLH,EMIS,WENN,EGHA,HVMCU,AACPU,BACCU,SSAC,SOCA,LAFA,SSACU,WSTNU,CRAQ,DMII,LPBB,ADAC,SORNU,AXINU,FVAV,PAACU,BSAAU,KTWO,SVCCU,CCAQU,CRACU,AACI,CUB,TMTSU,TVAI,EGHAU,TONT,GIW,CEPO,HAVAU,TDWD,LPBBU,YCY,HLXC,ITHA,SCPQU,LATAU,MYXXU,FIGX,SCII,BIXIU,NPACU,GSHRU,ATII,CCAQ,OTGA,GSRF,SVAQ,BLRK,OBAWU,ALDFU,WLII,KTWOU,NBRG,HCACU,GPAC,DYOR,SSEAU,GPACU,WSTN,ARCI,RAC,AXIN,LATA,WPAC,BIXI,IGAC,RNGT,EVOX,NOEM,OTGAU,RDAG,ALF,APXT,GLED,LPCV,BLZR,JENA,LAFAU,FACTU,TWLV,SUMAU,GIX,HCAC,PCAP,LWACU,MESHU,PLMK,BLZRU,ALOV,SCIIU,SOCAU,IRHO,GTENU,MESH,DBCA,OYSEU,PACHU,VNMEU,DAAQ,DSACU,IACO,MBVI,CHPGU,KBONU,XSLL,DMIIU,QADRU,BHAVU,BLUW,CUBWU,FIGXU,TACOU,AEAQ,APXTU,LPAA,OACC,SORN,GPATU,KFIIU,SCPQ,MEVO,MLAA,BLRKU,LFAC,MUZE,IPXG,GTERU,EVOXU,MEVOU,VHCPU,DRDBU,FERAU,TLNC,FGII,KRSP,LEGO,ZKP,BIII,GIXXU,HCMA,IRAB,CRANU,TVAIU,UAC,ACAAU,ALUB,VHCP,XCBE,KOYNU,POLE,ARCIU,HCMAU,PALO,SZZLU,AACO,BCSS,BEBE,DNMX,FMACU,IRHOU,KCHVU,LFACU,PMTR,TACO,AACOU,LPCVU,CRAN,ZKPU,AEAQU,GTEN,HCICU,BDCIU,HCIC,MBVIU,XSLLU,NMPAU,QUMSU,TLNCU,CAQUU,TWLVU,ORIQU,RFAM,SBXE,PTOR,CAQ,DYORU,OIMAU,IGACU,DSAC,IACOU,IEAG,BEAG,PCAPU,ALFUU,FGIIU,FSHPU,HACQ,TDWDU,SAC,SDHIU,BDCI,SPEGU,KRAQ,FCRS,TMTS,BLUWU,MCGA,CTAAU,CCIIU,CLBR,ONCH,PTORU,MLAAU,PAAC,DNMXU,OIM,HACQU,SVIV,TRGSU,MMTXU,MUZEU,IEAGU,ALOVU,MTAL,BACC,KBON,PALOU,CEPS,CCII,SAAQ,ONCHU,MCGAU,TVA,VLOS,ITHAU,KRAQU,RDAGU,CEPV,ARTCU,CEPF,IPFXU,NWAX,ALISU,ACAA,DAAQU,ATIIU,DYNCU,SPKLU,PLMKU,SPKL,ASPCU,SAAQU,RTAC,TVACU,POLEU,RTACU,AEXA,ASPC,RDAC,FVN,RDACU,RIBB,AFJKU,AFJK"
44,Utilities - Regulated Water,Utilities,92.75,69.23,96.95,73.38,94.19,69.92,98.7,73.38,89.56,42.23,96.3,52.62,"SBS,HTO,AWR,ARTNA,GWRS,YORW,WTRG,MSEX,CWT,PCYO,AWK,CWCO"
45,Health Information Services,Healthcare,92.72,68.54,100.4,87.92,94.05,69.23,93.4,51.92,90.05,45.0,70.25,2.77,"SDGR,AMWL,HTFL,HNGE,SOPH,BTSG,TEM,VEEV,CERT,BTSGU,CARL,HSTM,SY,NRC,OMDA,GDRX,WEAV,SLP,OPRX,LFMDP,HQY,WAY,DOCS,SPOK,HCAT,OMCL,CTEV,MGRX,PHR,PRVA,EVH,DH,CCLD,TDOC,BFRG,DRIO,BEAT,LFMD,ACON,ONMD,MNDR,HCTI,ZCMD"
46,Aluminum,Basic Materials,92.56,67.85,91.53,27.69,97.11,76.15,106.97,86.54,113.9,92.08,185.64,98.31,"KALU,CSTM,AA,CENX"
47,Rental & Leasing Services,Industrials,92.55,66.81,95.89,67.15,91.77,63.0,95.45,65.08,100.9,78.92,108.07,76.85,"VSTS,VAI,CTOS,URI,SUNB,R,UHAL,HRI,MGRC,AER,GATX,PRG,EQPT,WSC,MWG,WLFC,CAR,HTZ"
48,REIT - Industrial,Real Estate,92.55,66.81,93.67,46.38,96.19,74.77,96.68,68.54,102.72,82.38,98.86,58.85,"LXP,ILPT,COLD,TRNO,EGP,REXR,SMA,FR,CUBE,PLD,IIPR,STAG,PSA,EXR,LINE"
49,Integrated Freight & Logistics,Industrials,91.89,65.77,95.11,58.15,90.21,57.46,86.26,32.54,86.81,31.15,89.61,35.31,"PSIG,CJMB,NCEW,CYRX,PBI,EXPD,RLGT,FDX,JBHT,LSTR,UPS,QNME,FWRD,ZTO,GXO,CHRW,HUBG,ATXG,BTOC,FLX,SERV,JYD,HXHX,PAL,ELOG,GVH,SLGB,CIIT,SGLY,CTNT"
50,Metal Fabrication,Industrials,91.46,65.08,95.76,65.77,87.3,48.46,93.84,54.69,97.84,69.92,104.51,70.62,"AP,PRLB,ATI,TPCS,WOR,MLI,RYZ,CMC,CRS,HIHO,IIIN,TG,TRSG,MEC,GPGI,ESAB,MTEN,OLOX"
51,Packaging & Containers,Consumer Cyclical,91.16,64.38,94.07,49.85,91.49,61.62,100.21,76.15,91.82,51.23,89.21,33.23,"KRT,MYE,GEF,AMBP,PKG,ORBS,SW,AMCR,AVY,CCK,BALL,TRS,SON,MGIH,REYN,IP,SLGN,YHGJ,PACK,DSS,GPK,OI"
52,REIT - Healthcare Facilities,Real Estate,91.02,63.69,92.01,35.31,96.41,75.46,99.41,74.08,104.88,85.85,110.88,79.62,"NHPBP,DHC,LTC,WELL,AHR,STRW,DOC,OHI,SBRA,VTR,XRN,CTRE,HR,UHT,NHI,CHCT,MPT"
53,Specialty Industrial Machinery,Industrials,90.92,63.0,111.13,96.23,87.06,47.08,86.58,33.23,94.83,63.0,120.67,87.92,"BURU,PKOH,TWIN,BWEN,NDSN,GRC,NPO,KRNT,IEX,HURC,LXFR,GEV,EMR,WTS,AME,ETN,GTES,GNRC,JCSE,GHM,SXI,ROK,ITT,FLS,CSW,TAYD,PH,HLIO,CR,WFF,DCI,ITW,FELE,CETY,GGG,IR,DOV,EPAC,CMI,SHMD,CVV,RRX,KAI,AOS,PSIX,MIDD,OFLX,MWA,TNC,BW,SYM,OTIS,GFUZ,NWCL,AMSC,XYL,JBTM,MIR,RR,ATS,NPWR,NNE,SMR,PNR,SPPL,HUHU,LASE,INLF,HDRN,OPTT,LBGJ"
54,Scientific & Technical Instruments,Technology,90.37,62.31,96.82,72.0,87.53,50.54,94.74,60.92,98.85,73.38,101.1,65.77,"MLAB,COHR,KEYS,VPG,SOTK,MKSI,USBC,CGNX,NOVT,ASTC,GRMN,NOVTU,ST,ITRN,ESE,LGL,TDY,FTV,ACFN,VNT,ITRI,TRMB,BMI,WRAP,GNSS,AIMD,FCUV,MIND,ARBE,ODYS,SVRE,ARAI,MVIS"
55,Conglomerates,Industrials,89.85,61.62,93.37,44.31,91.01,60.92,94.69,60.23,99.54,75.46,100.72,64.38,"NNBR,HHS,MAMK,RCMT,CODI,AIRT,TUSK,CRESY,MMM,VMI,OTTR,AIRTP,GHC,PAM,DLX,BOC,HON,TRC,BOOM,SEB,LGPS,BBUC,MATW,FBYD,FIP,GNTA,PLAG,GPUS,NXAT"
56,Asset Management,Financial Services,89.8,60.92,96.42,68.54,91.93,64.38,93.97,56.08,91.14,48.46,94.92,49.15,"CYPH,SVRN,IGR,ASST,MGLD,SDEV,AAMI,VCTR,TWN,DHY,WT,AVAT,KF,BSTZ,STK,BTX,AEF,BST,AMG,DFDV,STT,BEN,EMF,IAE,CRBG,PEO,IVZ,EQH,DXYZ,BGR,SEIC,IHD,RMT,JOF,PFG,TRIN,NFJ,BMEZ,GCMG,NBXG,SATA,ADX,GNT,NTRS,QQQX,FGCPP,AIO,JCE,HSDT,WHF,SPXX,EVT,NML,CET,KYN,AFCG,EMO,CSQ,BME,CSWC,EOD,AOD,NXG,FUND,BCX,WHG,CNS,SII,GGT,GROW,IGD,ETO,TCPC,CII,RVI,HASI,GAIN,HFRO,CGO,ETV,ETW,ETG,IGA,NMAI,GGN,BBDC,HQL,HTGC,ETB,HEQ,HQH,GSBD,ASA,FFA,RVT,ZSTK,GAM,HNNA,RGT,FDUS,CCD,TWAV,BDJ,XFLT,ECCC,BHV,RCG,CHW,OCCIN,VINP,LIEN,RSF,TY,ARCC,SRV,EXG,CEV,BLK,FHI,FGC,SPMA,GDV,GRX,BOE,AMP,EICA,BCV,BANX,NIE,OXLCO,PDPA,MCI,PDX,OXLCN,RWAY,CHI,VPV,ECF,EOI,OCCIM,USA,EDD,SPME,BGY,IAF,CCID,OCSL,BXSL,GGZ,GLAD,THQ,MAIN,PFX,ASG,TPVG,BCAT,BSL,THW,BTO,LGI,CHY,SCD,GDL,SOR,TROW,UTF,NCZ,GLQ,ETY,RJF,ECAT,PGP,ETJ,DMA,TEI,BGB,STEW,MXF,CION,JQC,CGBD,EOS,FSK,DTF,JFR,EEA,GLV,EFT,MSIF,GBDC,MXE,CEE,BGT,NCV,FSCO,GLO,IGI,AGD,HRZN,EVF,BGX,EFR,GCV,MPV,TIPT,SABA,IDE,AB,TBLD,AVK,NTRSO,TSLX,FTHY,FINS,PPT,KBDC,MMT,VVR,WIW,WIA,SDHY,MIY,BTT,DLY,TPG,FRA,NPFD,ACV,GLU,EVG,RIV,ERC,CAF,EDF,HERZ,AMBR,GRF,RMI,VBF,MCN,FOF,MSD,MUJ,PSBD,DPG,RPC,APO,MGF,SPE,DNP,GAB,MEGI,JLS,DHF,FTF,JMM,CPZ,MIN,PCF,JGH,GEG,PIM,TSI,BUI,RMCO,PFO,AWF,EAD,EHI,OPP,NNY,GUT,KIO,OBDC,TYG,RFI,HYT,BLW,WEA,PAI,ZTR,BGH,FFC,JRS,HYI,DBL,DSU,ETX,APAM,NIM,OIA,FMY,RQI,JHS,NPCT,PFD,BTZ,GDO,GHY,JHI,HIO,NXP,LDP,HIX,ARES,FLC,MSDL,VGI,DFP,DSL,BAM,PDT,PGZ,NAZ,BKT,PSF,EMD,GF,RLTY,BRW,NBB,RA,EIM,PAXS,ARDC,RFMZ,PDO,UTG,SBI,BIT,NRK,MUC,IIF,BPRE,NUW,OXLC,FMN,RFM,GUG,RAND,DMO,RMM,NMFC,HTD,MMD,EOT,CIK,CRF,KTF,STEP,RMMZ,CLM,ASGI,AWP,NUV,PFN,MFM,RNP,BBN,IQI,NCA,NBH,PCN,TGE,GECC,EVV,MYN,PTA,PHK,BHK,WDI,BWG,PNI,FAX,MYI,FT,NMI,PMM,FPF,PTY,PFLT,IFN,GBAB,OXSQ,OFS,PFL,MHF,MUA,VMO,ISD,VKQ,DMB,PAX,NZF,PCM,PMO,MHD,BCSF,PCQ,TDF,VLT,ACP,HLNE,MQY,AFB,NEA,IIM,MMU,LEO,RCS,MPA,NCDL,NAN,VRTS,NDMO,HPI,NRO,JPC,PML,NAC,NHS,NMZ,DSM,NAD,VGM,PDI,VTN,NKX,EIC,NMT,ERH,EVN,BMN,SAMG,NVG,OTF,VKI,HPF,BX,KKR,SLRC,PSEC,EARN,JRI,VCV,OWL,SAR,HGLB,NPV,NMCO,BCIC,NMS,HPS,BN,MFIC,NOAH,ECC,PNNT,KWY,PDCC,GOF,SCM,CG,CCAP,SPMC,AMTD,MLCI,ALTI,CCIF,OCCI,NSLR,CFND,BUR,BCG,EQS,CWD,ICMB,VCX,BENF,ALP,INV"
57,Insurance - Reinsurance,Financial Services,89.0,60.23,92.03,36.0,94.79,71.31,102.44,79.62,103.02,83.08,98.53,57.46,"RGA,HG,SPNT,RNR,EG,GLRE,OXBR,KG"
58,Lodging,Consumer Cyclical,88.81,59.54,93.84,47.77,89.08,54.69,93.11,50.54,99.32,74.08,110.15,78.23,"CVEO,IHG,MAR,HLT,HTHT,CHH,H,ATAT,INTG,WH,GHG"
59,Broadcasting,Communication Services,88.77,58.85,85.37,4.15,120.82,94.85,120.21,96.23,91.64,50.54,97.96,56.08,"XHLD,BBGI,NMAX,MDIA,GTN,CURI,SSP,SBGI,NXST,SGA,UONEK,UONE,FUBO,IHRT,CAST"
60,Financial Data & Stock Exchanges,Financial Services,88.66,58.15,95.52,63.69,91.79,63.69,93.52,52.62,83.25,23.54,83.6,24.23,"MKTW,FDS,VALU,CBOE,NDAQ,CME,MORN,ICE,MSCI,COIN,MCO,SPGI,TRU,DTCX"
61,Insurance - Life,Financial Services,88.55,57.46,95.03,56.08,90.0,56.08,97.27,69.23,98.28,72.0,99.55,62.31,"JXN,CNO,MET,MFC,UNM,GL,PRU,GNW,LNC,SNFCA,PRI,AFL,ABX,BHFAP,BHFAN,BHFAO,BHFAM,PUK,BHF,FG,CIA,AAME"
62,Drug Manufacturers - General,Healthcare,88.22,56.77,92.17,36.69,93.15,67.15,96.42,67.85,95.44,65.08,92.37,40.85,"OGN,MRK,BIIB,AMGN,ABBV,GILD,JNJ,BMY,LLY,PFE,NSRX,NVS,GSK,GRFS,SNY,AZN,NVO,AMRN,MIRA,SCLX,MDCX"
63,Business Equipment & Supplies,Industrials,87.96,56.08,90.77,23.54,85.01,40.5,90.69,43.62,88.52,40.15,74.64,6.92,"XRX,ACCO,ACTG,CXT,EHGO"
64,Beverages - Brewers,Consumer Defensive,87.81,55.38,95.09,57.46,87.51,49.85,91.97,46.38,87.88,36.0,99.3,61.62,"ABEV,BUD,FMX,CCU,TAP,SAM,STZ"
65,Thermal Coal,Energy,87.65,54.69,97.44,76.85,87.47,49.15,95.75,67.15,85.12,27.69,104.27,69.23,"NRP,CNR,ARLP,BTU,NC"
66,Specialty Business Services,Industrials,87.6,54.0,93.02,40.85,92.34,65.77,94.85,63.35,86.11,29.77,95.49,51.92,"BUUU,TISI,TH,QUAD,CBZ,ARMK,CASS,KODK,TRNS,FA,EBF,ABM,UNF,GPN,NTIP,AZZ,CTAS,DLB,WFCF,CMPR,PC,YSXT,TRI,RELX,TIC,RHLD,ULS,SPIR,CPRT,BKSY,MMS,RBA,BV,CRE,DLHC,LZ,PMEC,AMTM,SFHG,RTO,SST,LICN,YFOR,THH,ANPA,SMX"
67,Apparel Manufacturing,Consumer Cyclical,87.53,53.31,91.49,27.0,86.83,46.38,94.06,57.46,103.92,84.46,99.14,60.23,"VNCE,JRSH,FIGS,SGC,ZGN,JXG,LAKE,RL,COLM,PVH,LEVI,GIII,VFC,KTB,UA,UAA,JL,PLBY,GIL,OXM,GOOS,PLCE,XELB,NCI"
68,REIT - Retail,Real Estate,87.42,52.62,91.59,29.08,87.94,51.23,93.53,53.31,100.39,76.85,102.78,67.15,"WHLRP,CBL,MAC,CURB,SPG,PINE,ALX,PECO,FRT,KIM,SKT,KRG,BRX,REG,IVT,WHLRD,REGCP,UE,NNN,REGCO,GTY,BFS,AKR,FCPT,NTST,O,ADC,EPRT,SITC,WHLR"
69,Household & Personal Products,Consumer Defensive,87.23,51.92,95.25,61.62,86.61,45.69,93.68,54.0,82.34,20.08,73.13,6.23,"HNST,ACU,ELF,NWL,EPC,IPAR,HELE,EL,SPB,COTY,UG,CHD,CL,KVUE,PG,UL,MAGN,KMB,ODD,ATTT,CLX,GROV,DSY,SLSN,NUS,YSG,SKIN,TANH,BYAH"
70,Food Distribution,Consumer Defensive,87.12,51.23,89.89,16.62,88.24,51.92,94.18,58.15,93.24,58.85,99.6,63.0,"CHEF,MTEX,ANDE,USFD,UNFI,SYY,AVO,PFGC,DIT,HFFG,TWG"
71,Apparel Retail,Consumer Cyclical,86.75,50.54,94.59,52.62,83.26,35.31,92.5,49.15,88.66,40.85,97.4,54.0,"LVLU,VSXY,JILL,TLYS,CURV,ANF,DLTH,GCO,ROST,URBN,GAP,CTRN,CAL,AEO,AKA,CRI,BKE,BURL,TJX,LE,BRIA,SHOE,BOOT,CATO,SFIX,ZUMZ,LULU,DXLG,RENT,MYSZ,JEM,DBGI"
72,Capital Markets,Financial Services,86.67,49.85,95.71,65.08,89.41,55.38,89.27,39.46,79.62,14.88,90.88,38.77,"PURR,MTC,TOP,NCPL,SVIA,XP,MRX,CD,NAKA,HUT,VIRT,OPY,SBET,BMNR,BGC,SLNHP,GOLD,SNEX,NMR,AUC,IBKR,MKTX,STKE,BRBI,RIOT,HOOD,SIEB,LPLA,BMHL,CLSK,MS,CRCL,SCHW,TW,HIVE,GS,HGBL,BGDE,SONM,TAOX,MARA,BTGO,SF,IREN,PWP,BTCS,VIP,GLXY,WULF,JEF,MC,FUTU,PJT,CSHR,PLUT,PIPR,BTBT,SRL,HLI,SLNH,LAZ,MIAX,EVR,ABTC,GEMI,FIGR,MATH,FUFU,ATCH,COHN,DEFT,ETOR,WTF,TIGR,CANG,ABTS,FLD,MEGL,MDBH,IPST,GRAN,DOMH,CNCK,NCTY,ARBK,STEX,AURE,GSIW,PMAX,SOS,PWCM,LGHL,AXG"
73,Drug Manufacturers - Specialty & Generic,Healthcare,86.49,49.15,94.43,51.92,90.52,59.54,95.58,66.46,90.32,46.38,100.74,65.08,"ETON,CPIX,TKNO,AMLX,ANIK,KNSA,AMRX,ALVO,TEVA,VTRS,XERS,TRLV,ACB,LNTH,EOLS,LFCR,CRDL,CRON,TXMD,PRGO,ZYBT,AMPH,ALKS,IRWD,KMDA,TLPH,INDV,HCM,TAK,INCR,INM,RMTI,DERM,BHC,UTHR,PCRX,UPC,PAHC,CTOR,ELAN,NBIX,CABR,AQST,HLN,HIMS,SCYX,BCRX,RDY,AYTU,BFRI,ANIP,SUPN,PBH,CGC,EBS,GELS,CPHI,SIGA,OGI,ZTS,IXHL,LQDA,HROW,RGC,SNOA,SHPH,BGM,COLL,ADCT,TLRY,AKBA,GLAS,EVO,RDHL,BIOA,YCBD,ORGO,PRFX,APUS,AKAN,IMCC,SBFM,SXTC"
74,Insurance - Diversified,Financial Services,86.47,48.46,94.7,54.0,90.32,58.15,94.93,64.38,93.05,56.77,97.0,53.31,"PLGO,SLF,AEG,IGIC,ACGL,ACGLO,AIG,ACGLN,HIG,XZO,BNT,WDH"
75,Luxury Goods,Consumer Cyclical,86.46,47.77,97.89,78.92,83.07,34.62,83.18,19.38,98.58,72.69,107.89,76.15,"MOV,LUXE,SIG,BRLT,SORA,TPR,ELA,REAL,CPRI,LANV"
76,REIT - Specialty,Real Estate,86.39,47.08,92.48,39.46,88.44,54.0,91.63,45.69,93.19,57.46,99.94,63.69,"EQIX,OUT,FPI,IRM,LAND,LAMR,DLR,LANDP,LANDO,EPR,SELF,AMT,UNIT,GLPI,SBAC,RYN,CCI,WY,PW,FRMI"
77,Restaurants,Consumer Cyclical,86.29,46.38,95.31,62.31,85.14,41.54,94.05,56.77,86.67,30.46,80.88,17.31,"CAKE,NDLS,RRGB,CBRL,ESYN,BJRI,BTBD,BDL,HCHL,EAT,SG,BLMN,LOCO,GTIM,CNNE,REBN,ARCO,DRI,NATH,RICK,SBUX,BH,QSR,DIN,CHA,TXRH,YUMC,YUM,SHAK,CMG,DPZ,HDL,JACK,MCD,WEN,FWRG,CAVA,GENK,STKS,RAVE,MB,PTLO,KRUS,ARKR,BROS,BRCB,THCH,WING,PZZA,CHSN,VENU,CCHH"
78,Biotechnology,Healthcare,86.15,45.69,90.2,20.77,94.44,70.62,103.98,82.38,105.59,87.23,121.34,88.62,"ANL,MRNA,IOVA,TWST,MTNB,KOD,ABCL,ANTX,OABI,IBRX,SLS,ERAS,SYRE,ABSI,AGEN,CLYM,RVMD,RLYB,NVCT,MRVI,ORKA,OMER,TTRX,DRTS,CORT,MANE,IMMX,NTRB,RLAY,MBX,YDES,HELP,XNCR,QTTB,URGN,CUE,DFTX,PGEN,PRAX,KRSA,BOLD,ARCT,DMRA,FTH,REPL,TRAX,SPRB,TNGX,FTRE,ENTX,FATE,ELVN,OBIO,DNA,CELU,ACHV,HOWL,CADL,ANRO,TENX,DNTH,TVTX,VIR,SION,SLN,RNXT,HALO,IRD,LBRX,FBIOP,NXTC,INBX,SRZN,NVAX,STTK,PBYI,SLGL,EWTX,CAI,PTGX,ROIV,CGEM,SGMT,PCVX,ORMP,MGNX,NRIX,PMVP,NRXS,SEPN,PDSB,ADIL,ANAB,TGTX,LGND,ARTV,RIGL,VSTM,YARW,KYMR,ACRS,FDMT,APLM,ICCC,PRLD,PVLA,MNOV,CGON,GMAB,ORIC,IMVT,WHWK,EXEL,GHRS,AVIR,IPSC,KRYS,FENC,RPRX,JAZZ,ACOG,HURA,PLX,BLTE,ZBIO,DSGN,HRMY,RXRX,INMB,ZLAB,CNSP,MREO,ZNTL,PYXS,PYPD,EDSA,CGEN,IFRX,NAUT,SEER,ONC,PBM,RCUS,RZLT,QNCX,AVBP,TECH,EPRX,MSLE,IDYA,SGP,AUTL,INCY,DMAC,LITS,VRTX,ZYME,KZIA,IMNM,TLX,ARGX,MGTX,OSTX,INDP,LXRX,NNVC,TARS,VCEL,AUPH,REGN,PHVS,OVID,CCCC,RANI,KPRX,COGT,NGNE,IKT,GRDX,HYPD,CLDX,ALZN,ACRV,INKT,VOR,GALT,KURA,ARWR,OTLK,CRVS,ATRA,GENB,TRVI,BNTX,GYRE,MNPR,ATNM,BHVN,ADAG,DTIL,DNLI,NKTX,CTNM,AXSM,JANX,CRSP,BMRN,HYFT,COCP,ARQT,INVA,ZVRA,MOLN,CBUS,CING,SMMT,ABUS,GLSI,AURA,ASND,CBIO,ALEC,ANIX,BCDA,NRXP,ENTA,SABS,XLO,RAPP,TECX,VRDN,CAMP,JBIO,IMRN,BBIO,VERU,COYA,SLDB,NUVB,IGC,ABOS,MDXG,MDGL,EDIT,CVM,MNKD,LKFT,AKTX,PEPG,STRO,SRRK,CYTK,NBTX,ADMA,IPHA,TELO,RYTM,SVRA,VTVT,XBIT,VANI,MESO,ABEO,ACIU,PRQR,NERV,NTLA,IMCR,AVTX,TVGN,ELDN,BEAM,SER,ENSC,TOVX,VALN,GDTC,MIRM,BMEA,CDIO,CNTN,KROS,IRON,RNAC,AGIO,GANX,PLRZ,MAZE,PMN,ANNX,VKTX,TSHA,ALLO,MLTX,INAB,PRTA,SNDX,INO,CGTX,DYN,TYRA,ICU,BIVI,CELC,PTCT,NCEL,MDWD,ACAD,ALLR,BCAX,SRPT,BDTX,PLRX,GNLX,BCTX,FBLG,STOK,GERN,ASMB,AKTS,MAIA,PTN,OKYO,EVAX,APRE,XBIO,AARD,CSBR,CUVL,LONA,ABVX,BLRX,ZURA,CURX,RLMD,IMTX,IBIO,LEGN,PHIO,PROK,CRMD,KYTX,PTHS,IMUX,IMA,ARVN,ALT,UNCY,XFOR,CABA,TLSA,QURE,SANA,PALI,MRKR,NEUP,BCYC,VERA,ATHE,JSPR,XTLB,BOLT,PRME,IVVD,KYNB,PULM,EQ,ACET,HIND,OKUR,INSM,BNTC,SXTP,LPCN,DRUG,MLYS,CRVO,QNRX,IBO,LRMR,XENE,RNTX,MTVA,TIL,RCKT,OCUL,CMMB,KRRO,FBIO,IVA,GRCE,IMRX,DWTX,GLUE,ARMP,CHRS,CRDF,QNTM,ALGS,CTXR,ENVB,OGEN,VRCA,VNDA,BSEM,XRTX,AGMB,MGX,NKTR,NAMS,CTMX,SPRC,ALXO,KTTA,TRDA,NGEN,MENS,ALMS,OCGN,EIKN,TNYA,GRI,ONCY,RGNX,FULC,CLGN,DBVT,MLEC,VTGN,CDXS,PHAR,EVGN,DRMA,CRBU,LCTX,ACXP,ALNY,EOCN,VYGR,AZTR,ARDX,AAPG,CELZ,CRBP,PASG,GPCR,OLMA,EXOZ,ATOS,INTS,HUMA,RNA,PPBT,PCSA,TARA,IONS,SNGX,TNXP,ENGN,LXEO,CANF,HRTX,MBIO,PHAT,REVB,FLNA,CLRB,NCNA,TRAW,VRAX,ANVS,NBP,PMCB,RARE,SPRO,MIST,WVE,OCS,TPST,NIKI,LYEL,KLRS,SPRY,ABVC,NTHI,BYSI,AVXL,CAPR,GTBP,DYAI,ADXN,GUTS,LSTA,UPB,IMNN,PLYX,DARE,CNTB,GOSS,KAPA,HCWB,CLLS,EVMN,ATYR,ACTU,XCUR,PLUR,MPLT,ESLA,LIMN,AIM,FHTX,ALDX,BBOT,LENZ,CNTX,LGVN,IMMP,ELTX,LTRN,ERNA,AEON,BBLG,TCRT,SNTI,CNSY,APVO,NMRA,ONCO,LNAI,CMPX,MCRB,SCNI,RADX,CALC,SLBT,CLDI,LEXX,NRSN,SKYE,BRTX,TCRX,TVRD,DCOY,VRXA,EYPT,RNAZ,SILO,CVKD,ARTL,GOVX,VIVS,CMND,PPCB,MBRX,BDRX,ELAB,EDVA,GNPX,VBIO,KALA,JUNS,CRIS,KPTI,JAGX,SLXN,ENLV,CDT"
79,Utilities - Diversified,Utilities,85.96,45.0,94.95,55.38,88.28,53.31,92.2,47.08,92.92,56.08,102.99,67.85,"AES,BIP,UTL,AVA,AQN,SRE"
80,Travel Services,Consumer Cyclical,85.64,44.31,95.87,66.46,82.44,30.81,87.33,35.31,92.11,53.31,89.76,36.0,"LIND,PRSU,ABNB,EXPE,VIK,RCL,CCL,TNL,TOUR,BKNG,YTRA,MMYT,TCOM,NCLH,NTRP,TRIP,AHMA"
81,Utilities - Regulated Gas,Utilities,85.61,43.62,95.24,60.92,86.58,45.0,90.19,42.23,92.09,52.62,107.78,75.46,"UGI,BKH,CPK,NJR,NWN,RGCO,SWX,SR,MDU,SPH,OGS,ATO,BIPC,NI,CTRI"
82,Consulting Services,Industrials,85.15,42.92,93.63,45.69,90.08,56.77,94.26,58.85,88.75,41.54,85.01,27.0,"ROMA,SBC,FORR,AERT,ACCL,HURN,RYOJ,PPHC,ICFI,LAWR,EFTY,CRAI,BAH,RGP,EGG,FCN,VRSK,EFX,DGNX,GRNQ,INTJ,FOFO,ZTG,VCIG"
83,Building Products & Equipment,Industrials,84.96,42.23,95.51,63.0,82.88,33.92,88.59,38.08,90.17,45.69,90.56,37.38,"CSTE,JCI,PPIH,APT,NX,GFF,JELD,TT,SWIM,TREX,JLHL,MAS,CSL,UUU,AWI,OC,APOG,AIRJ,CARR,AAON,ARLO,WMS,NPKI,ROCK,SPXC,LPX,FBIN,INVE,BGMS,JBI,LII,ILAG,BLDR,LMB,AEHL"
84,Telecom Services,Communication Services,84.62,41.19,93.3,43.62,87.13,47.77,90.08,41.54,92.47,54.69,104.35,69.92,"ATEX,IRDM,IDT,VEON,LILA,LILAK,TIGO,SKM,PCLA,ATNI,GSAT,VOD,TEO,CHT,LBTYB,VZ,T,ECHO,VIV,PHI,KT,AD,SIFY,KYIV,ELWT,AMX,TDS,RCI,KVHI,TKC,BCE,TIMB,CXDO,SHEN,TMUS,CMCSA,TV,LUMN,LBTYA,LBTYK,TLK,GLIBK,GLIBA,RDCM,TU,OPTU,IQST,CHTR,IOTR,CCOI,GOGO,FNGR,NIXX,UCL,SURG,CABO"
85,Specialty Retail,Consumer Cyclical,84.62,41.19,96.79,71.31,80.69,25.62,86.88,33.92,89.72,42.92,82.03,20.08,"ABLV,HZO,CHPT,ARHS,BBY,WSM,FIVE,BNED,GME,SBH,GRWG,TLF,ULTA,BWMX,MUSA,ASO,BOBS,SVV,NAAS,HTLM,CASY,BBWI,RECT,ONEW,TSCO,PTLE,BARK,SPWH,WOOF,ARKO,RH,JBDI,EYE,WINA,BQ,FLWS,BBW,DKS,TKLF,MNSO,EVGO,CGTL,LESL"
86,Software - Application,Technology,84.4,40.15,95.19,60.23,85.9,42.92,85.96,31.15,81.46,18.0,72.25,4.85,"RNG,TEAM,APPS,PUBM,FSLY,DHX,AMPL,DDOG,EXFY,RSKD,JTAI,NTWK,SNOW,FROG,PD,PDFS,PAYC,SMWB,RDVT,DAVE,ESTC,U,RYDE,OOMA,VIA,IBTA,MTLS,DT,NXPL,MITK,CHYM,DOCU,FRSH,PTC,CURR,MANH,SVCO,MSTR,DJCO,SPT,IDAI,CVLT,INTA,SHOP,KARO,WDAY,TONX,CRM,JG,PCTY,NAVN,DCBO,IMMR,ADEA,EGHT,SPSC,PLUS,STRC,WK,ALRM,STRD,QH,IDCC,STRK,HKD,NOW,SAP,BLKB,ZM,PERF,ASAN,DSP,NATL,MRT,ADP,SSNC,STRF,DUOT,CDNS,APPF,NICE,DSGX,API,YAAS,BRZE,AGYS,QTWO,GWRE,DFIN,BILL,DUOL,CCC,KLTR,WLTH,RMNI,RTB,FRMM,IPM,SSTI,PCOR,PHUN,BULL,BVC,LSPD,NCNO,PAYX,YOU,BSY,GRND,VTEX,LYFT,ORKT,RDZN,CMRC,ROP,ASUR,SMRT,ADBE,ADSK,DBD,LAW,MNDO,AIFF,TYL,UBER,TTAN,BLIV,AZ,OTEX,YMM,BTDR,MNTN,SMSI,YALA,BMR,MNDY,HUBS,DMRC,PEGA,EVCM,CXM,UPBD,KVYO,MYSE,IFBD,TRAK,GLOO,AEYE,FIG,VERX,ATHR,RSSS,CRNC,XPER,CREX,GTM,PDC,KC,YB,BL,EGAN,VTSI,VS,GRAB,LIF,INTU,ALKT,HOLO,PAR,MFI,WRD,HUCK,SOUN,AWRE,INLX,AIOT,RBBN,NVNI,SRAD,AMST,SCOR,HIT,CRGO,AUUD,UPLD,RPGL,FICO,AMOD,BLND,HTCR,NRDY,YXT,WCT,PSQH,RMSG,IDN,ALIT,RCT,SAGT,REKR,AIXI,CYN,INUV,FUSE,KNRX,THRY,MASK,BZAI,TGL,NTCL,FTFT,ILLR,CXAI,BIYA,PARA,YMT,HODO,FRGT,NXTT,LGCL"
87,Leisure,Consumer Cyclical,83.76,39.46,97.54,77.54,79.54,22.15,85.42,27.0,82.53,21.46,89.33,33.92,"AOUT,FNKO,KBSX,JAKK,LTH,ESCA,HAS,CLAR,MAT,CALY,JOUT,NWTG,OSW,YETI,KMRK,GOLF,PTON,PRKS,AS,TRON,FUN,LUCK,XPOF,PLNT,GDHG,HERE,MMA,DOGZ,NOMA"
88,Credit Services,Financial Services,83.62,38.77,91.7,31.15,84.48,37.38,91.29,45.0,91.6,49.85,87.41,30.46,"OPRT,ECPG,PMTS,ATLC,BFH,MFIN,AGM,EZPW,SEZL,FCFS,PRAA,SUIG,ENVA,V,PYPL,AFRM,CPSS,MA,JCAP,WRLD,SLMBP,ATLCP,CACC,SYF,OMF,GDOT,NAVI,COF,JF,NNI,XYF,SLM,AXP,ALLY,RM,TROO,SOFI,SNTG,WU,HTT,VRM,UPST,OPFI,KLAR,FOA,FINV,LU,YRD,DXF,QFIN,ANTA,JFIN,LX"
89,Utilities - Regulated Electric,Utilities,83.14,38.08,93.27,42.92,84.95,39.46,89.6,40.15,93.2,58.15,103.46,68.54,"ELPC,CIG,GNE,NWE,TXNM,EVRG,PNW,ED,OGE,FTS,D,ETR,AEP,NGG,IDA,EMA,CEPU,FE,AEE,ES,DUK,XEL,PPLC,PPL,CNP,LNT,POR,SOMN,WEC,SO,NEE,EXC,DTE,MGEE,EDN,CMS,PEG,EIX,KEP,PCG,HE,NKLR,IMSR"
90,Medical Devices,Healthcare,82.95,37.38,93.86,48.46,83.77,36.0,84.04,21.46,79.82,15.92,80.63,16.62,"TXG,RCEL,BFLY,SGHT,PACB,MASS,ECOR,MYO,SENS,VREX,NEOG,HAE,TMCI,HSCS,BVS,CBLL,INFU,ITGR,DCTH,BRKR,UFPT,GKOS,CTKB,BRKRP,STIM,BIO,QSI,AVR,DXCM,CNMD,TELA,KIDS,SIBN,AXGN,LUNG,INSP,BBNX,LIVN,CERS,BWAY,NVCR,CV,ESTA,PEN,TLSI,NSYS,EW,VMD,MDT,AEMD,ZBH,GMED,BMRA,TNDM,IART,INMD,IRMD,MDAI,ELUT,STE,ABT,TCMD,ELMD,GEHC,ATEC,LNSR,MXCT,NPCE,COCH,TMDX,PHG,SINT,PROF,INGN,OM,SNN,QTRX,LFWD,SYK,LMRI,SRTS,SERA,IRTC,HYPR,CLPT,OWLT,CATX,APYX,OFIX,ARAY,ENOV,LAB,AORT,PRCT,RXST,BSX,XTNT,PODD,ITOC,NVNO,IRIX,QDEL,SSII,LUCD,AHCO,NYXH,NSPR,BDMD,MBOT,INBS,PLSM,QTI,RPID,PMI,AMIX,BJDX,CODX,IVF,MODD,NXL,CTSO,PAVM,TRIB,NNOX,WOK,SNWV,AIDX,NMTC,TNON,CVRX,POAS,XAIR,ICCM,VVOS,ADGM,GCTK,NUWE,VNRX,PFSA"
91,REIT - Residential,Real Estate,82.79,36.69,91.91,34.62,85.01,40.5,88.68,38.77,88.46,38.77,89.44,34.62,"JAN,UMH,CLPR,ESS,CSR,AMH,VMRK,ELS,INVH,BRT,UDR,SUI,CPT,IRT,ELME,MAA,MRP,BHM,NXRT,AIV"
92,Other Precious Metals & Mining,Basic Materials,82.53,36.0,88.19,11.08,90.69,60.23,95.47,65.77,83.64,24.92,131.3,91.38,"MTA,BVN,VOXR,HL,SBSW,TFPM,MUX,ITRG,ASM,SLSR,PPTA,VMET,PLG,GMTL,LODE,GRML"
93,Textile Manufacturing,Consumer Cyclical,82.35,35.31,99.64,85.15,81.23,27.0,83.07,18.0,94.86,63.69,66.25,1.38,"UFI,CULP,AIN,PASW,SMJF"
94,Engineering & Construction,Industrials,82.27,34.62,94.65,53.31,81.24,27.69,84.65,24.23,97.88,70.62,115.69,83.08,"MAGH,FIX,IESC,BWMN,PWR,ACA,SKK,STRL,PHOE,BBCP,TPC,ECG,EME,FLR,LGN,EXPO,MYRG,VATE,TTEK,J,APG,CDLR,GVA,PMA,SHIM,ESOA,MSGY,AGX,KBR,WLDN,KAZR,MTRX,ROAD,ORN,FER,STN,CDNL,OPAL,BLNK,AMRC,DY,MTZ,ACM,PRIM,SLND,FBGL,MGN,ONEG,ZDAI,MIMI,OFAL,FGL"
95,Residential Construction,Consumer Cyclical,82.23,33.92,90.4,22.15,82.44,30.81,86.97,34.62,94.38,62.31,87.36,29.77,"BZH,LEGH,SKY,CVCO,HOV,LGIH,MHO,TOL,GRBK,PHM,MTH,DHI,SPHL,NVR,KBH,IBP,LEN,DFH,BXBL"
96,REIT - Office,Real Estate,82.08,33.23,91.89,33.92,84.9,38.77,87.67,36.0,93.58,60.23,76.97,11.08,"PSTL,HIW,PDM,CDP,SLG,CUZ,DEA,HPP,VNO,ONL,KRC,BXP,BDN,ARE,NLOP,DEI,ESBA,OGCP,CMCT,FISK,FSP"
97,Airlines,Industrials,82.04,32.54,95.12,59.19,82.61,32.54,85.39,26.31,100.08,76.15,94.03,47.08,"ULCC,DAL,CPA,LUV,UAL,LTM,SKYW,AAL,AERO,RJET,ALGT,RYAAY,ALK,VLRS,JBLU,SRFM,FLYX"
98,Auto Parts,Consumer Cyclical,81.29,31.85,92.25,38.08,81.86,29.08,90.2,42.92,90.6,47.08,98.9,59.54,"HYLN,VGNT,PRTS,GTX,MLR,MGA,AUR,GTEC,BWA,DAN,ALSN,PLOW,FOXF,CVGI,CAAS,GPC,XPEL,SRI,LEA,THRM,SMP,DCH,MOD,ALV,DORM,WPRT,GNTX,ORLY,ATMU,PHIN,STRT,VC,ADNT,INEO,AZO,MNRO,LKQ,MPAA,HSAI,HLLY,AAP,MBLY,SYPR,SLDP,SES,CPS,ASBP,APTV,GT,ECX,QS,FRSX,INVZ,MVST,WKSP,MKDW"
99,Chemicals,Basic Materials,81.17,31.15,91.66,29.77,85.18,42.23,85.75,29.08,86.04,29.08,132.15,92.08,"MEOH,GPRE,REX,VHI,WLKP,DOW,LXU,CE,RYAM,ASIX,HUN,TROX,OLN,GURE,BAK,NPT"
100,Information Technology Services,Technology,80.89,30.46,94.16,50.54,85.94,43.62,85.5,27.69,84.69,27.0,78.19,12.46,"SAIH,MAAS,CHRN,PENG,QXL,EFOR,IBEX,III,TASK,SHAZ,SAIC,CACI,GDYN,CLPS,INGM,IT,KEEL,INOD,EXLS,ACN,WYY,CTSH,DXC,GLE,FORTY,CDW,G,CNDT,JKHY,GIB,EPAM,CNXC,BR,ARBB,JFU,CIFR,OPNW,DTST,TSSI,APLD,GLOB,LDOS,HCKT,NABL,CTM,TTGT,INFY,GDS,VEEA,VYX,IBM,CSPI,WIT,WYFI,UIS,KD,AIOS,FIS,DAIC,PSN,BBAI,PONY,VNET,CLVT,TTEC,CYCU,GMM,LZMH,VRRM,TDTH,HKIT,ZONE,SGRX,JZ,HLSQ"
101,Insurance Brokers,Financial Services,80.72,29.77,86.9,9.69,88.25,52.62,100.19,75.46,77.58,13.15,63.63,0.69,"LIFE,XHG,ARX,BWIN,CRVL,TWFG,MRSH,WTW,NP,AJG,RYAN,ERIE,BRO,HUIZ,GSHD,AON,TREE,SLQT,EZRA,EHTH,AIFU,ZBAO"
102,Insurance - Specialty,Financial Services,80.53,29.08,90.98,25.62,84.57,38.08,92.33,48.46,94.3,61.62,92.24,40.15,"ITIC,ACT,EIG,NMIH,ESNT,MTG,FAF,RDN,AXS,AGO,FNF,OSG,MBI,AMSF,JRVR"
103,Beverages - Non-Alcoholic,Consumer Defensive,80.35,28.38,91.7,31.15,81.04,26.31,83.22,20.08,87.9,36.69,90.87,38.08,"COKE,KO,KOF,KDP,MNST,CCEP,COCO,FIZZ,PRMB,PEP,BUDA,CELH,ZVIA,BNKK,REED,BRFH"
104,Electrical Equipment & Parts,Industrials,79.96,27.69,92.49,40.15,78.79,19.38,81.99,15.23,95.85,65.77,107.44,74.08,"OESX,BE,CBAT,FCEL,PLPC,ATKR,NVT,POWL,ESP,ENS,AEIS,FPS,VRT,EAF,ENR,KE,HUBB,ULBI,NEOV,ZOOZ,AYI,SKYX,NMAD,RFIL,ADSE,PPSI,APWC,HAYW,STI,ELVA,AMPX,TE,WBX,PLUG,BLDP,XPON,POLA,TGEN,LTBR,FAC,EOSE,CCTG,FLUX,ENVX,LNKS,RAYA,NVX,DFLI,EPOW,XCH,ELPW,SDST"
105,Coking Coal,Basic Materials,79.64,27.0,89.04,13.85,79.47,21.12,94.76,61.62,80.0,16.62,88.16,31.85,"SXC,HCC,AMR,METC,METCB"
106,Security & Protection Services,Industrials,79.49,26.31,88.54,12.12,79.95,23.54,85.91,30.46,82.72,22.15,86.17,28.38,"CIX,GEO,MG,CXW,NL,MSA,ALLE,BRC,BCO,SPCB,NSSC,ADT,IVDA,EVLV,SNT,GFAI,BAER,BKYI,KSCP,SUGP"
107,Auto & Truck Dealerships,Consumer Cyclical,78.97,25.62,99.39,83.77,79.47,21.12,76.76,10.38,77.38,11.77,73.07,5.54,"UCAR,ACVA,RUSHB,PAG,KMX,RUSHA,OPLN,LAD,CVNA,RDNW,VVV,SAH,AN,DRVN,ABG,JZXN,NXB,GPI,BGSI,CWH,UXIN,AZI,SDA,KXIN,CRMT"
108,Farm Products,Consumer Defensive,77.28,24.92,90.64,22.85,81.93,29.77,82.91,17.31,81.51,18.69,92.98,43.62,"ADM,AFRI,AGRO,VFF,BG,CHSCL,CHSCO,CHSCN,CHSCM,LND,ALCO,CHSCP,PFAI,DMC,DOLE,TSN,LMNR,AQB,CALM,TULP,LOCL,VITL,SDOT,AGRZ,EDBL"
109,REIT - Diversified,Real Estate,77.06,24.23,89.84,15.92,79.55,22.85,84.35,23.54,87.18,33.23,88.27,32.54,"NXDT,GOOD,CTO,AAT,OLP,FVR,BNL,GNL,WPC,AHRT,GOODN,VICI,SQFTP,SAFE,ESRT,JBGS,MKZR,SQFT,GIPR"
110,Personal Services,Consumer Cyclical,76.88,23.54,89.98,18.69,78.18,18.69,84.13,22.15,73.86,6.92,70.43,3.46,"ANDG,FTDR,RGS,HRB,MED,SCI,CSV,BFAM,ROL,CLIK,EJH,MRM,TRNR"
111,REIT - Mortgage,Real Estate,76.81,22.85,86.87,9.0,82.69,33.23,87.82,36.69,88.18,38.08,95.44,50.54,"CHMI,NREF,ADAMN,ADAML,ADAMM,AGNCL,AGNCM,ADAM,AGNCP,AGNCO,AGNCN,AGNCZ,ARI,RITM,REFI,EFC,SACH,ADAMZ,DX,NLY,AOMR,LADR,ARR,AGNC,ACRE,LOAN,MFA,KREF,SEVN,IVR,ORC,STWD,MITT,RPT,TRTX,CIM,SUNS,BRSP,FBRT,PMT,RWT,BXMT,RC,ABR,ACR,CMTG,GPMT,LFT"
112,Electronic Gaming & Multimedia,Communication Services,76.69,22.15,90.34,21.46,75.67,11.77,75.16,8.31,82.51,20.77,80.96,18.0,"FIRY,MSGM,DDI,GRVY,GCL,GAME,GIGM,NTES,CTW,SOHU,TTWO,GDEV,MYPS,RBLX,PLTK,GMHS,SNAL,GXAI,GDC,DKI,TRUG"
113,Home Improvement Retail,Consumer Cyclical,76.52,21.46,90.94,24.92,76.44,15.23,86.1,31.85,80.83,17.31,85.04,27.69,"HVT,HD,FND,LOW,LIVE"
114,Other Industrial Metals & Mining,Basic Materials,76.43,20.77,85.42,4.85,84.03,36.69,88.53,37.38,87.05,32.54,123.48,89.31,"MTRN,NEXA,BHP,SKE,ALM,SCZM,NVA,RIO,GSM,VALE,TII,CHNR,USAS,VZLA,CMP,TMQ,WRN,LZM,GRO,LAR,ALOY,BMM,CRML,SGML,MP,ELVR,NAK,NICM,XPL,USAR,WWR,TMC,ELBM,USGO,IONR,OMEX,NB,NEXM,ATLX,LAC,NMG,UAMY,IPX,FNUC,SLI,LGO,TMCR,FMST,EMAT"
115,Grocery Stores,Consumer Defensive,76.2,20.08,92.37,38.77,77.21,17.31,78.23,11.77,82.16,19.38,75.56,8.31,"VLGEA,GO,IMKTA,WMK,NGVC,KR,DDL,DNUT,SFM,ACI,VHUB,MSS"
116,Resorts & Casinos,Consumer Cyclical,76.17,19.38,88.54,12.12,77.2,16.62,83.89,20.77,90.93,47.77,90.5,36.69,"VAC,MCRI,CZR,BALY,MTN,CPHC,PENN,RRR,BYD,MGM,HGV,WYNN,LVS,MLCO,CNTY,FLL,MSC"
117,Aerospace & Defense,Industrials,75.41,18.69,86.71,8.31,81.42,28.38,82.16,15.92,88.04,37.38,111.65,80.31,"SIF,SATL,DCO,CVU,ATRO,NPK,EMBJ,SWBI,RGR,POWW,PKE,IA,CODA,HXL,FTAIM,VVX,POWWP,ESLT,RKLB,BETA,RDW,SPAI,SPCE,HWM,RTX,VOYG,WWD,AIR,LMT,GE,GD,HEI,HOVR,MRCY,LOAR,MDA,VSECU,VSEC,BA,LUNR,CAE,TXT,TDG,DRS,HII,PRZO,CW,DPRO,FLY,SIDU,NOC,AIRI,OPXS,FTAI,PUSA,DUKR,LHX,CDRE,SARO,ACHR,TATT,AXON,PL,AIRO,BWXT,AVAV,MOB,SAIQ,KTOS,PEW,RCAT,MNTS,EVEX,KRMN,DFSC,EH,XTIA,BYRN,YSS,FJET,MRLN,EVTL,DFNS,KITT,VWAV"
118,Advertising Agencies,Communication Services,75.36,18.0,89.65,15.23,76.29,14.54,84.28,22.85,92.52,55.38,76.82,10.38,"EVC,MF,MGNI,CNET,STGW,ZD,WPP,DV,CCO,NEXN,EDHL,QNST,OMC,FLNT,ADV,PERI,DLPN,KRKR,YDKG,TSQ,SWAG,MCHX,CRTO,IZEA,CHR,STFS,NCMI,ACCS,VSME,APP,TTD,CDLX,WIMI,TC,TDIC,BAOS,HAO"
119,Waste Management,Industrials,74.08,17.31,90.13,19.73,79.27,20.08,85.61,28.38,75.07,7.62,87.67,31.15,"ENGS,PESI,CLH,NVRI,QRHC,GFL,RSG,AWX,WM,WCN,CWST,AREC,ABAT,GWAV,ONT,LNZA,AQMS,DXST,OIO,YDDL,CDTG"
120,Internet Content & Information,Communication Services,74.02,16.62,90.93,24.23,77.39,18.0,78.9,12.46,84.59,26.31,83.1,22.85,"NBIS,TRVG,JOYY,NXDR,META,MTCH,RUM,GIBO,SLE,GOOGL,GOOG,ZIP,GITS,BZFD,OPRA,GRPN,SJ,PPLI,ATHM,SNAP,ZH,UPXI,BZ,ZDGE,DIBS,PODC,SPOT,EVER,CARS,GENI,SOGP,PINS,WBTN,NRDS,MAX,CARG,DJT,DOYU,FENG,RDDT,TBLA,ANGI,MOMO,WB,UPWK,BMBL,PAAI,BIDU,TME,YELP,BILI,TEAD,ZG,FVRR,TZOO,LCFY,Z,MNY,CMCM,LVO,GIFT,BODI,WSHP,STUB,SEAT,NAMI,SSTK,CHAI,CCG,ONFO"
121,Packaged Foods,Consumer Defensive,73.93,15.92,87.46,10.38,76.15,13.15,81.12,14.54,79.62,14.88,82.69,22.15,"UTZ,WEST,DAR,SENEB,PRE,SENEA,BOF,SJM,CENT,FRPT,MICC,HLF,CENTA,WYHG,JVA,LFVN,UCFI,LW,NOMD,JJSF,OTLY,KHC,JBSS,INGR,LSF,JBS,MAMA,HRL,CAG,OFRM,COOT,BRCC,PPC,CPB,BRLS,GIS,MKC,LWAY,SFD,POST,MZTI,BRID,FTLF,USNA,ATPC,HAIN,BGS,SMPL,FLO,NATR,NAGE,CLNN,NAII,BRBR,NCRA,SRXH,BHST,BYND,FAMI,PAVS,RKDA,STKH,DDC"
122,Consumer Electronics,Technology,73.57,15.23,94.36,51.23,74.88,10.38,73.9,6.23,63.39,1.04,80.34,15.23,"GPRO,UEIC,AAPL,SONO,TBCH,VUZI,SONY,MSN,AXIL,KOSS,FEBO,LPL,FOXX,BOXL,WLDS,ZEPP,FXHO,RIME,GMEX"
123,Medical Distribution,Healthcare,72.74,14.54,99.4,84.46,74.5,9.69,71.85,4.15,85.74,28.38,94.83,48.46,"FOCL,CAH,MCK,HSIC,COR,COSM,YI,AHG,MEDS,HKPD,ACH"
124,Utilities - Independent Power Producers,Utilities,72.55,13.85,86.52,7.62,80.52,24.92,82.38,16.62,92.38,54.0,104.84,71.31,"DGXX,KEN,CEG,TAC,VST,TLN,HNRG,NRG,OKLO,ONEN"
125,Tobacco,Consumer Defensive,72.13,13.15,91.73,32.54,69.84,4.15,72.99,4.85,72.53,6.23,76.37,9.69,"PM,MO,BTI,GNLN,AIIR,UVV,RLX,ISPR,RYM,TPB,XXII"
126,Real Estate Services,Real Estate,72.06,12.46,91.34,26.31,75.63,11.08,79.33,13.15,79.1,13.85,80.54,15.92,"CHCI,EUDA,PETZ,IHS,RMR,BPYPP,BPYPO,STHO,BPYPN,BEKE,MAYS,TCI,COMP,MMI,SEG,IRS,JLL,RFL,MLP,ARL,GBR,CBRE,MDRR,HBNB,FRPH,FSV,CWK,ASPS,NEN,NMRK,DOUG,CIGI,NYC,CSGP,LRHC,AGNT,DUO,REAX,GYRO,SRG,UK,LHAI,OPAD,OPEN,AIRE,FTHM,CHGA,OMH"
127,Recreational Vehicles,Consumer Cyclical,71.72,11.77,93.05,41.54,72.31,6.23,75.06,7.62,63.39,1.04,76.33,9.0,"VEEE,HOG,LVWR,MCFT,BC,PII,DOO,MBUU,KNDI,THO,WGO,LCII,MAMO,PATK,EMPD,EZGO,VMAR"
128,Internet Retail,Consumer Cyclical,71.46,11.08,91.74,33.23,73.78,9.0,77.12,11.08,77.48,12.46,82.59,20.77,"LQDT,W,JWEL,LITB,YJ,GLBE,BZUN,AMZN,EBAY,ETSY,PTRN,CART,MELI,DASH,JD,RVLV,MOGU,HOUR,HEPS,BABA,SE,RERE,ZKH,VIPS,JMIA,PDD,CHWY,WBUY,CPNG,OCG,NEGG,WNW,NHTC,TDUP,NXH,MI,UZX,NEXR,IPW"
129,Building Materials,Basic Materials,71.28,10.38,85.44,5.54,73.57,8.31,83.11,18.69,87.79,35.31,92.57,41.88,"CPAC,JHX,USLM,LOMA,RMIX,CX,VMC,TTAM,EXP,MLM,CRH,AMRZ,TGLS,SMID,KNF,CAPS,RETO"
130,Real Estate - Development,Real Estate,71.11,9.69,89.95,18.0,73.0,7.62,79.35,13.85,75.53,8.31,79.02,13.15,"HHH,CCS,LPA,SKYH,FOR,AXR,FPH,OZ,LRE,SDHC,RENX,MRNO,AEI"
131,Uranium,Energy,71.03,9.0,86.42,6.92,76.91,15.92,85.76,29.77,76.79,9.69,116.58,85.15,"UROY,ISOU,NXE,CCJ,DNN,NUCL,UEC,URG,UUUU,LEU,AEC,EU,JAGU"
132,Pollution & Treatment Controls,Industrials,70.9,8.31,89.93,17.31,72.97,6.92,76.68,9.69,83.48,24.23,84.07,25.62,"SCWO,CECO,CDZIP,ZWS,VLTO,CLWT,FTEK,ADUR,CDZI,ARQ,TOMZ,CLIR,ERII,PCTTU,BCHT,PCT,LIQT,RAIN"
133,Airports & Air Services,Industrials,70.77,7.62,96.43,69.23,66.83,2.77,70.32,2.77,69.34,2.77,79.75,13.85,"CAAP,SOAR,OMAB,PAC,ASR,ASLE,JOBY,UP"
134,Gambling,Consumer Cyclical,70.63,6.92,83.04,0.69,79.99,24.23,84.84,25.62,96.18,67.15,84.69,26.31,"ROLR,CDRO,MRDN,ACEL,SGHC,RSI,CHDN,BRSL,DKNG,BRAG,FLUT,INSE,GRSD,SEGG"
135,Utilities - Renewable,Utilities,70.56,6.23,89.22,14.54,76.13,12.46,73.57,5.54,82.93,22.85,97.66,55.38,"NXXT,ENLT,RNW,NRGV,ENIC,ELLO,BEP,XIFR,CWEN,MWH,ORA,WAVE,BEPC,VGAS,SAFX,HTOO,AGIG,FLNC,STEM,BESS,PBK,BRNX"
136,Education & Training Services,Consumer Defensive,70.35,5.54,93.62,45.0,71.25,4.85,73.94,6.92,76.97,10.38,77.08,11.77,"DAO,EEIQ,YQ,GOTU,TAL,LAUR,EDU,MH,EDTK,CVSA,STRA,APEI,XXI,LOPE,PRDO,WAFU,AFYA,FC,LGCY,FEDU,LRN,RYET,AACG,COUR,SKIL,CHGG,MYND,LXEH,PXED,AMBO,IH,LINC,STG,UTI,GNS,COE,YOUL,KLC,GSUN,VSA,FCHL,JDZG,KIDZ"
137,Paper & Paper Products,Basic Materials,70.25,4.85,85.76,6.23,76.26,13.85,76.11,9.0,66.85,2.08,70.16,2.08,"CLW,SUZ,SLVM,ITP,MERC"
138,Beverages - Wineries & Distilleries,Consumer Defensive,69.9,4.15,91.7,31.15,68.64,3.46,71.08,3.46,71.8,5.54,71.9,4.15,"AGCC,WVVIP,DEO,SNDL,WVVI,MGPI,EPSM,IBG,YHC"
139,Confectioners,Consumer Defensive,69.73,3.46,88.99,13.15,71.28,5.54,84.73,24.92,70.47,4.15,93.72,45.0,"MDLZ,TR,HSY,RMCF,SOWG"
140,Agricultural Inputs,Basic Materials,69.46,2.77,81.79,0.0,82.58,31.85,89.63,40.85,76.76,9.0,86.83,29.08,"UAN,CF,NTR,IPI,ICL,MOS,SMG,SEED,BIOX,FMC,AVD,NXTS,CTVA"
141,Auto Manufacturers,Consumer Cyclical,62.52,2.08,83.26,1.38,66.16,2.08,67.99,1.38,71.41,4.85,75.06,7.62,"PSNYW,HMC,GM,RACE,F,TM,TSLA,VFS,RIVN,WKHS,GGR,LOBO,CYD,NIU,LI,CENN,NIO,STLA,LOT,XPEV,LCID,FLYE,AIIO,PSNY,SSM,FFAI,DCX"
142,Mortgage Finance,Financial Services,57.79,1.38,83.32,2.08,60.69,1.38,68.45,2.08,69.94,3.46,81.78,19.38,"IOR,GHI,VEL,PAPL,RKT,ONIT,PFSI,WD,CNF,BLNE,UWMC,LDI,BETR"
143,Solar,Technology,57.19,0.69,84.44,3.46,59.18,0.69,59.7,0.69,89.73,43.62,107.71,74.77,"SUNE,SHLS,ENPH,NXT,SEDG,FSLR,BEEM,CSIQ,ASTI,TOYO,TURB,ARRY,RUN,SPRU,JKS,TYGO,PN,ZEO,SMXT,FTCI,SPWR"
144,Pharmaceutical Retailers,Healthcare,48.09,0.0,83.55,2.77,51.91,0.0,58.41,0.0,51.14,0.0,61.53,0.0,"HITI,PETS,SCNX,POM,RDGT"
