Rank,Sector,Relative Strength,Percentile,Relative Strength Short Term,Short Term Percentile,10D_RS,10D_RS_Percentile,1M_RS,1M_RS_Percentile,3M_RS,3M_RS_Percentile,6M_RS,6M_RS_Percentile,Tickers
1,Energy,102.35,99.0,96.73,69.3,111.45,99.0,106.29,99.0,95.71,69.3,128.03,99.0,"DLXY,PBF,INSW,NAT,FET,FRO,LPG,VLO,PXS,DINO,MPC,GTE,DK,BWLP,TRMD,CMBT,DHT,CVI,PARR,UGP,TEN,PSX,TNK,KOS,TORO,PBT,FTK,TK,CVE,PTEN,NESR,WTI,EQNR,APA,PBR,EC,OII,CRT,SND,NGL,WTTR,WHD,OBE,SM,CRGY,SU,BSIN,REPX,WKC,YPF,STNG,PR,BTE,EFXT,TALO,E,VOC,NVGS,TDW,GPRK,LB,SUNC,HP,CNQ,TRGP,FTI,KGEI,NRT,SUN,EGY,PAGP,GLND,OVV,CHRD,VIST,SEI,SHEL,CVX,HPK,PAA,WDS,NE,NBR,VET,XOM,TTE,DMLP,COP,VAL,STAK,INVX,UROY,TXO,SDRL,TS,KNTK,BP,FLNG,SLB,IMO,SLNG,DVN,RIG,REI,NOV,EOG,DKL,IMPP,VG,WES,ET,LSE,OXY,LNG,FANG,MUR,XPRO,EPSN,KRP,PNRG,SMC,NOG,MXC,OKE,TBN,MPLX,PVL,WBI,SOBO,BSM,PDS,OMSE,EPD,HESM,SGU,GLNG,CQP,BKR,KNOP,NRP,PBA,GLP,DLNG,IEP,MTDR,GFR,CAPL,ARLP,KGS,USAC,IMPPP,DWSN,VTOL,HAL,OIS,WMB,EE,KMI,PED,WFRD,SD,EONR,RES,CNR,VNOM,CKX,AM,MARPS,RNGR,TRP,SBR,BORR,CRC,DEC,VTS,FLOC,RRC,AROC,ISOU,MGY,DTM,FTW,DTI,HMH,AR,BTU,NXE,EPM,LBRT,ENB,NFG,SKYQ,INR,GRNT,AESI,NEXT,GEL,TGS,PUMP,CCJ,TMDE,NGS,NOA,TPL,CNX,ACDC,EQT,INDO,AMPY,SJT,MNR,APC,DNN,EXE,BRN,MMLP,GPOR,BKV,NINE,NC,UEC,URG,BATL,ANNA,BANL,CLB,PRT,NUCL,UUUU,CLNE,EP,LEU,CRK,TTI,KLXE,AEC,EU,MTR,JAGU,GEOS,SOC,TOPS,TPET,PROP,NFE,GOW,RBNE,VIVK,RCON"
2,Technology,94.59,89.1,97.45,79.2,92.76,69.3,93.66,59.4,104.6,99.0,97.14,49.5,"BTLN,SNDK,AXTI,WCT,QMCO,MXL,SAIH,MU,DELL,AGPU,AEHR,BAND,MAAS,LITE,RXT,VICR,AMD,STX,SILC,CHRN,UMC,ASX,IZM,INTC,MRVL,RNG,HPE,SIMO,COHU,SMTC,OKTA,APPS,DOCN,TWLO,IMOS,PAYS,CRWD,OPTX,PENG,BLZE,WDC,QXL,NUAI,OCC,FORM,PUBM,AAOI,DHX,CRSR,FSLY,P,ICHR,TEAM,ALAB,ALNT,VIAV,UCTT,FTNT,PANW,FEIM,TSEM,NTAP,ARM,AMBQ,KOPN,MEI,TER,AIFA,TGHL,FIVN,RSKD,AVT,NSIT,UMAC,DDOG,RYDE,BB,RBRK,USIO,NET,MRAM,NXPL,ARW,EXFY,SITM,MLAB,SNOW,RDVT,VSAT,NVEC,AMAT,AMPL,LRCX,ONTO,VSH,PAYC,DGII,DDD,ZBRA,ZETA,PD,MTLS,BHE,GTLB,S,KEYS,OOMA,KLIC,HIMX,SHAZ,SMWB,GCT,MOVE,QLYS,FROG,FATN,CRCT,COHR,ACMR,CURR,HPQ,LEDS,DIOD,ASML,STM,FLEX,SMCI,ANET,ESTC,CNXN,LINK,SANM,SWKS,RELL,NTWK,GPRO,VELO,MTSI,NTNX,OUST,WATT,SNX,PLXS,SUNE,OSPN,VPG,QRVO,TONX,LTRX,NOK,NTSK,ENTG,VRNS,RAL,IBTA,UEIC,TSM,KN,FFIV,VIA,PDFS,APPN,LFUS,TXN,SCSC,IDAI,DAVE,DT,TENB,IBEX,CLMB,GCTS,LSCC,TSAT,TTMI,SLAB,VECO,ADI,GLW,CIEN,SAIC,PRTH,GRMN,MANH,PLTR,AIP,CEVA,TASK,MPWR,MKSI,CPAY,U,ROG,KLAC,CSCO,ASYS,DJCO,SABR,CHYM,PI,CRDO,SAIL,QUIK,SONO,ASTC,KSPI,MITK,DOCU,CACI,RPD,MSFT,NVDA,KARO,RELY,SVCO,AAPL,CLS,MSTR,FRSH,RAMP,NVTS,CCSI,SANG,WDAY,III,DBX,CTS,NTCT,SPSC,EFOR,BELFB,APH,CLRO,YEXT,KEEL,USBC,WOLF,AZIO,PAYO,AUDC,CAMT,CGNX,BOX,MX,SYNA,FLYW,AMKR,CVLT,ON,CRM,INOD,JBL,ACLS,RTB,CLPS,WEX,EGHT,QCOM,INGM,PLUS,ST,PCTY,ZS,STRD,AVPT,STRC,INTA,IMMR,GRND,GDYN,TRT,SAP,DCBO,SKYA,MPTI,DRK,SHOP,CHOW,VLN,NAVN,Q,AIFF,STRK,ITRN,HQ,ALRM,SPT,MCHP,AKAM,ADEA,BELFA,ACFN,STRF,ADP,MRT,IOT,NOVT,JG,VRSN,PAY,PERF,POET,NATL,RDZN,YIBO,VISN,MCHPP,IT,MSN,PRGS,ATEN,SSNC,HKD,MSI,API,DSP,PXLW,INFQ,YAAS,SOTK,NOVTU,IDCC,EXLS,RDWR,BRUN,ARQQ,BLSH,CTSH,BVC,GLE,XYZ,BGIN,VIVO,NOW,LOGI,JTAI,BNAI,LGL,AVGO,WK,BOSC,ATOM,SONY,IPM,TACT,ZM,WYY,APPF,CIFR,BLKB,ESE,MDB,PLAB,AIRG,FORTY,DSGX,NXPI,CCC,RMNI,TEL,TDY,ACN,POWI,DFIN,NNDM,DUOL,EXTR,IPWR,TDC,OST,TBCH,INTT,ACIW,CRWV,GFS,RMBS,PATH,ALLT,ALGM,ORIO,FTV,TOST,DUOT,RPAY,NICE,CGNT,IONQ,AOSL,VUZI,DLO,OSS,QTWO,BULL,KOSS,AGYS,KLTR,ORKT,CDNS,GSIT,SSYS,NVMI,CNDT,PAGS,BILL,ERIC,JKHY,UTSI,PAYX,AI,WIX,MQ,UAVS,PHUN,ASAN,CDW,WLTH,LYTS,PTC,BR,SYNX,MITQ,AXIL,GDDY,AMBA,FIEE,VNT,DTSS,PGY,YOU,APLD,BLIV,ITRI,BDC,PAYP,CLFD,SSTI,UI,GRRR,G,SHLS,HLIT,NCNO,BKTI,LYFT,DSWL,SNPS,DOX,IFBD,AMPG,IQMX,CMRC,ONDS,PCOR,EXOD,FRMM,EVTC,LDOS,CPSH,NTGR,ASUR,ARBB,LSPD,MNTN,AIB,MNDO,EPAM,GWRE,CORZ,GIB,ADBE,SMSI,TRMB,DAIO,CRUS,LPTH,WYFI,ROP,ELTK,GDS,DXC,FN,UBER,BTCT,PDYN,YMM,CAN,DAKT,LSAK,WKEY,AVNW,VTEX,MYSE,REFR,CRNT,BRZE,TSSI,JFU,LAW,ICG,OTEX,TYL,BTDR,YALA,BSY,QUBT,ATHR,IMTE,AEYE,DTST,GEN,EEFT,WETH,NA,SMRT,NN,DBD,LASR,ADSK,AVX,GLOO,XBP,CNXC,AZ,TTGT,ASTS,IPGP,NABL,EBON,BKKT,KC,TUYA,ORCL,AEVA,CHKP,INFY,XPER,ENPH,FIG,RGTI,OSIS,DAIC,UPBD,IBM,PEGA,CSPI,RSSS,MNDY,BMI,BLIN,TLS,CREX,NYAX,GLOB,WRAP,CTM,NXT,IMXI,TTAN,TRAK,CRNC,OLED,FSLR,CXM,GTM,STNE,QBTS,GNSS,MFI,FABC,HUBS,INDI,OWLS,ASTI,GILT,VYX,PDC,KULR,HOLO,UIS,ALMU,VERX,VS,INTZ,XNET,WIT,QTEX,CSIQ,AIOS,LPL,CALX,BEEM,AWRE,SEDG,FKWL,SQNS,BMR,HCKT,YB,LAES,HUCK,WRD,KVYO,EGAN,RKTO,VHC,GRAB,EVCM,VTSI,PSFE,KD,SOUN,INLX,ODYS,PSN,FEBO,BL,RBBN,DMRC,MTEK,INTU,CINT,ZENA,BRAI,FIS,LIDR,RZLV,FOUR,ALKT,CLBT,MIND,LIF,MLGO,TURB,BIRD,ARBE,AISP,TOYO,SUPX,NEON,PONY,SCOR,KTCC,VNET,PAR,FOXX,AIOT,CLVT,SRAD,AIMD,PICS,BTQ,DQ,ADTN,BBAI,AIXC,VERI,PSQL,NVNI,SPRU,BOXL,TCX,HIT,QNC,IIIV,KPLT,NRDY,AMST,FCUV,MSAI,SCKT,HOST,QH,CRGO,CISO,XNDU,AIFC,FXHO,RUN,PSQH,ARRY,ALIT,CMTL,SLMT,PRSO,AMCI,MCRP,PN,GOAI,YXT,AGMH,JKS,TTEC,SVRE,AIXI,BLND,FICO,ZEO,AUUD,KNRX,WLDS,IDN,SWMR,HTCR,UPLD,ZEPP,REKR,FUSE,RMSG,SAGT,CETX,FTCI,VRRM,RCT,TYGO,CYN,DAVA,LZMH,OLB,TDTH,INSG,MBAI,SMXT,THRY,ATGL,GMM,GAUZ,CYCU,VEEA,INUV,ZSQR,KDK,SPWR,TAOP,AUID,ARAI,TGL,MASK,MOBX,DVLT,BZAI,CYAB,HPAI,QCLS,CXAI,ALAR,XLAB,VTIX,FTFT,NTCL,BIYA,HKIT,RIME,LHSW,AMOD,OBAI,RPGL,CSAI,MVIS,SGRX,PARA,YMT,SMTK,ILLR,JZ,HODO,FRGT,GMEX,AMZE,NXTT,WETO,HUBC,LGCL,YYAI"
3,Financial Services,92.81,79.2,97.67,89.1,95.93,79.2,96.52,79.2,93.9,49.5,96.16,39.6,"SVRN,CYPH,RFAIU,RFAI,IGR,MTC,PURR,TOP,NCPL,LIFE,ASST,XHG,MGLD,SDEV,OPHC,SVIA,HUT,WT,AVAT,AAMI,MRX,TWN,VCTR,BYFC,KF,OPRT,PMTS,ECPG,HFBL,CIB,PRCH,MSBI,SLNHP,ARX,CMTV,SAFT,SHG,ASRV,NAKA,KB,MFG,CLBK,UFCS,SBET,CHMG,WF,SBFG,OPY,VBNK,CFFI,BOTJ,KFFB,AEF,RDACU,BMNR,AMTB,DFDV,ING,WCCB,MUFG,BSTZ,BBVA,GCBC,STK,AII,PBAM,STT,HBT,BWFG,BST,PRHI,AMAL,FMAO,ALRS,JXN,AMG,SMFG,BFH,BTX,FSEA,HRTG,CZFS,BPRN,CBNA,OBK,MFIN,PFIS,ATLO,NKSH,BNS,RBKB,BSVN,ACNB,MBIN,RIOT,XRPN,PLBC,RGA,RCBC,BEN,BWIN,SLDE,FCBC,PGC,HSDT,HSBC,GOLD,UVE,RRBI,EMF,CARE,TMP,PFG,RILYP,CFBK,BOW,PKBK,ASIC,VIRT,CBC,FBIZ,TRST,MFC,WTBA,AGM,FBLA,AUC,SEIC,RILYL,IVZ,MKTW,BGR,SRCE,SMBK,BAP,LSBK,VOYA,TD,ATLC,PBFS,CAC,OSBC,TRV,FISI,OBT,CRBG,IX,FNWD,PEO,CTBI,CNO,WASH,RBCAA,EZPW,SLF,MET,TRIN,FDBC,NMR,BMEZ,QNBC,SAN,EQH,PBHC,VABK,XP,CZNC,JOF,USCB,EFSI,BNY,KRNY,PEBO,DXYZ,XRPNU,WSFS,PCB,FRAF,SEZL,BMO,AFCG,SHBI,TDACU,RBB,AVBC,IAE,IHD,BHB,PLGO,CCNE,HG,CM,GNT,FNLC,FCFS,TSBK,NTRS,NWG,LARK,FNRN,FVCB,EGBN,CFFN,MBWM,BGDE,BME,NWFL,CBK,NFJ,ITIC,DCOM,FRST,PEBK,AEG,AVAL,HQH,BGC,RMT,SPNT,FMBH,GABC,IFS,FBP,LCNB,CLST,ECBK,GSBC,RY,STBA,FUSB,SNEX,MKTX,BCAL,HOPE,THG,CRVL,NWBI,MBBC,PDLB,IBKR,CD,UVSP,BY,FDSB,BCH,BUSE,EVT,ADX,MCBS,HGTY,NMAI,THFF,FRHC,OFG,CPBI,NTB,HQL,BSRR,NBTB,SII,PROV,NSTS,QCRH,HOOD,CLSK,SATA,TFSL,NOEMU,CATY,GAIN,WSBK,GCMG,RVSB,WSBF,NIC,UBSI,ACT,FXNC,CFR,BCX,RNR,CBNK,FCAP,AOD,BSAC,CHCO,FCF,HNVR,QQQX,HAFC,IGD,JCE,EMO,MPB,SFNC,SRBK,BPOP,LYG,MNSB,CIVB,BFST,MVBF,BFC,NML,BVFL,FMNB,WABC,HWBK,INBK,ORRF,UBS,CWBC,FUND,NECB,PRU,BAFN,EOD,FFBC,MGYR,MYFW,CSQ,BLX,NBBK,DAAQU,SMBC,AIZ,CGO,AROW,AIO,PFBC,JMSB,SFST,SPXX,WHF,DBRG,UNM,SYBT,FUNC,NBXG,HYNE,C,GGN,LNC,PRAA,FDUS,CCBG,CSWC,THW,EWBC,ETG,CET,ETO,ETV,CVBF,WHG,THQ,V,FBNC,IGA,DB,OVLY,OVBC,TCBX,ETW,CII,FULT,HTGC,BMHL,COFS,CZWI,DTSQU,HWC,WSBC,BDJ,CNS,CBAN,FSBC,GGT,HFRO,EG,GL,GROW,CPF,HBCP,TCPC,ISTR,OPBK,VIP,KYN,EIG,ITUB,BRBS,BBDC,FGBI,BKHAU,CHW,KINS,FFA,UYSCU,BKHA,FSBW,CNOB,GRX,HBNC,VALU,AVBH,FHI,PYPL,PFX,NTWOU,ARCC,TRMK,MSBIP,BWB,USB,EXG,FCCO,MS,BSAA,BOE,ETB,HEQ,CNOBP,NBN,ESQ,GAM,ONB,NDAQ,CBFV,MBINM,JPM,BHRB,EBC,HFWA,BGY,AGD,IBCP,BBDO,PRK,COSO,CACC,BANX,MCY,NEWTP,TCBK,ATLCP,PFS,UYSC,ECCC,MA,BANR,SUIG,BSBR,TOWN,RGT,MCHB,TY,OCSL,WNEB,UMBF,SFBC,RWAY,RVI,FNWB,GLAD,ASB,CAPNU,EURKU,IAF,EDF,RSF,CRCL,NIE,XFLT,GDV,ICE,MAIN,BLK,YHNA,FRBA,MRBK,RVT,RMBI,HTH,DMAAU,EDD,OCCIN,DTSQ,AMP,IBAC,NODK,PONOU,SLMBP,CHI,OXLCN,HIVE,HNNA,CPSS,GSBD,BMRC,NXG,QSEAU,VLYPP,VLYPO,BEAGU,CCD,EQBK,CFG,SPMA,SIMAU,OXLCO,HLXC,DMAA,EOI,RANGU,ASA,CAPN,FIBK,USA,FSHPU,BCS,MACIU,SSB,TEI,HASI,CB,CCAQ,HIPO,SKWD,EICA,CHAR,FCNCA,BXSL,CEE,CME,MKLYU,MARA,CCXIU,SPME,WTG,EURK,OCCIM,DBCAU,SVIVU,CCNEP,MACI,CION,GIWWU,LPAAU,ONBPO,RANG,SCHW,DYNC,FSHP,RNGTU,PDPA,ALISU,QSEA,CBOE,SVAQU,TDAC,AACIU,SPKLU,ONBPP,PGACU,BCV,HBANL,ILLUU,PGAC,MNSBP,VLYPN,ALIS,NTWO,INDB,ALL,RCG,FDS,UCB,CCID,KRSP,BCAT,MXF,JACS,CEPO,WENNU,GSRFU,SPEG,GTERA,COPL,CHY,EBMT,ECAT,FITB,SVCC,ACGCU,NBRGU,WSBCO,WTFCN,APACU,XCBEU,KFII,NMP,SSEA,NCZ,VLY,GGZ,RNST,AFG,LGI,QETAU,LIEN,RFAMU,HAVA,SOUL,PAACU,CRAC,NPAC,GNW,LWAC,DRDB,QUMS,TAVI,APAC,CHEC,GSHR,SBCF,SZZL,YHNAU,HOMB,PACH,IRAB,LCCC,MCB,SDHI,GBDC,NOEM,BIXI,BSBK,EGHA,EMIS,EVAC,PMTRU,TROW,CHARU,OYSE,BAC,MKLY,UNTY,GPAT,CRAQ,ALDF,LPBB,MSIF,QETA,KCHV,NMIH,OBA,TACH,BACCU,HVMCU,FIGX,TACHU,ORIQ,KOYN,PRI,ZION,ECF,FERA,HVMC,GS,AACPU,LAFA,SIMA,WENN,VNME,SSACU,BOKF,MCI,SORNU,CHPG,LKSP,PAII,WSTNU,DMII,HCACU,MMTX,SCII,SSAC,CUBWU,HRZN,INAC,TMTSU,FRMEP,SCD,CUB,MBINL,TAVIU,AIIA,BGT,BIXIU,LCCCU,CCAQU,TVAI,DAAQ,VHCPU,WLIIU,EGHAU,TACOU,ADAC,MXE,PLMK,RDAG,CBSH,IGAC,SOCA,GIW,MTG,SPFI,WTGUU,APAM,CRACU,KTWO,LPBBU,TDWD,AXIN,JFR,OACCU,FACTU,ALDFU,ARCI,KTWOU,LATAU,MTB,OTGA,TONT,APXT,GSHRU,HAVAU,GTENU,LKSPU,FSK,SCPQU,SSEAU,CRANU,BSL,YCY,BLRK,ADACU,FVNNU,FMACU,COLB,WSTN,RAC,OTGAU,PDX,DYOR,MORN,FVAV,OACC,PCAP,SOCAU,BLZR,GCV,TWLV,INACU,SDHIU,FRME,ACAAU,BLRKU,LWACU,UBCP,CHPGU,HTB,QADRU,SVAQ,GDL,GIX,GTEN,EVOX,GSRF,ATII,RNGT,HCAC,IACO,AACI,CUBI,GPAC,LATA,MBVI,IRHO,TVAIU,AEAQ,GPACU,LPCV,HCMA,IEAGU,IREN,OBAWU,CRAQU,FERAU,IEAG,JQC,LAFAU,AFL,BCSS,ITHA,RFAM,WPAC,DMIIU,PACHU,XFLH,BHAVU,NBRG,BLUW,DNMX,PCAPU,DBCA,LFAC,DRDBU,LFACU,MESH,SZZLU,GPATU,MESHU,MUZE,CCXI,PNC,SORN,AXINU,BDCIU,EVOXU,MBNKO,VNMEU,ALOV,BBT,MLAA,VPV,AACOU,HCMAU,XSLL,KBONU,MEVO,ALUB,KOYNU,NPACU,BCML,WTM,ARCIU,FIGXU,PMTR,GIXXU,JENA,HIFS,FGII,XYF,DSACU,SUMAU,BLZRU,SCPQ,APXTU,MBVIU,WLII,BIII,AEAQU,BGB,NMPAU,ARTCU,DSAC,ETJ,UAC,SCIIU,ESNT,GTERU,IPXG,CHECU,OIM,XCBE,XSLLU,CRAN,AUB,LPCVU,MUZEU,TLNCU,MCGA,EEA,SBXE,VHCP,ZKPU,BLUWU,BEAG,BEBE,DYORU,CCIIU,HCIC,AUBN,OIMAU,QUMSU,TACO,ZKP,CAQ,CEPV,WRLD,BDCI,IRHOU,MLAAU,POLE,TWLVU,ITHAU,KRAQ,SVCCU,IACOU,TPVG,PTOR,SOR,KFIIU,BBD,SAC,ONCH,OYSEU,HCICU,PAAC,PTORU,ALF,ALFUU,CAQUU,FSCO,CEPS,MEVOU,RJF,HACQ,IGACU,SPEGU,LEGO,TMTS,BTO,FGIIU,TCBS,BACC,ENVA,FCRS,LPAA,TRGSU,SFBS,CEV,CTAAU,CGBD,EFSC,HACQU,ALOVU,IOR,CCII,RDAGU,STEW,TLNC,MMTXU,KRAQU,SVIV,JCAP,BWBBP,ORIQU,COLAU,DNMXU,TDWDU,CLBR,KCHVU,ASG,ONCHU,VLOSU,PALOU,TSLX,FAF,DMA,TBLD,GLQ,UMBFO,CNA,EFR,NCV,DTF,AB,HCI,SAAQ,GLV,CEPF,KBON,TVA,BSAAU,PGP,EOS,COLA,FGBIP,AFRM,MBINN,FRA,ASPCU,IGIC,FSUN,SIEB,VLOS,ETY,FNB,SIGI,MMT,IPFXU,WAFDP,NWAX,ACGL,TWFG,DYNCU,MCGAU,ATIIU,SABA,HGBL,ABCB,BHFAN,LOB,IDE,IGI,UTF,WULF,SAAQU,HERZ,POLEU,EARN,SNFCA,AEXA,KBDC,SRV,WTFC,TAOX,EFT,FTHY,PSBD,PNFP,TVACU,FFIN,DNP,ACV,BHFAP,L,PLMKU,GEG,MIY,BHFAM,MSD,RTAC,EVF,OMF,IBOC,NRIM,STKE,BGX,NTRSO,FINS,TFC,PB,SDHY,CBU,BUI,WIW,BHV,LPLA,MEGI,TCBI,BHFAO,DGICA,OBDC,PLMR,AVK,AWP,RF,RTACU,GLO,OXSQ,RIV,WRB,HMN,SSBI,AIG,BUSEP,UNB,KEY,DLY,RFI,SPKL,GRF,COIN,SLNH,WIA,MCN,GLRE,NBHC,ERC,SBSI,EMD,VVR,GLU,DSU,ACGLO,FFC,BTT,FHN,FMY,JF,BKU,MUJ,PGR,MCO,LKFN,RLTY,FOF,NPFD,DBL,DPG,WTW,AWF,MSDL,ZSTK,TSI,CINF,FULTP,ZTR,WEA,GAB,PCF,VBF,PPT,GF,NP,AMBR,FTF,JRS,PFO,KIO,RQI,MIN,ETX,SYF,GUT,HBANM,APO,RNP,IBN,BGH,EAD,JGH,JHS,PIM,HIO,JLS,CAF,MRSH,OXLC,BRW,HYI,MGF,RLI,EVG,LDP,PSEC,GUG,MSCI,PAI,EHI,JHI,PFD,GHY,DFP,ABX,DSL,NAVI,BOH,OXBR,RA,FLC,OZK,CPZ,RMCO,SPE,AX,WFC,OPP,FAX,TPG,TIPT,VGI,PGZ,NNI,NXP,JMM,OZKAP,HBANP,OIA,BLW,BTZ,NCA,HYT,ORI,HTD,FBK,NIM,GDOT,ARES,FHB,HIG,GDO,SIGIP,ZIONP,PDT,COF,TYG,PAXS,MPV,ACGLN,HBANZ,NPCT,BAM,GLXY,BTCS,ARDC,WAL,HIX,NMFC,FCNCO,PSF,TW,BIT,IIF,BANF,GHI,BHK,DMO,BKT,OFS,PDO,PHK,DHF,BCBP,EIM,PTA,SF,RIBBU,GBLI,PFN,BANC,TFIN,PWP,BMA,BCSF,NEWT,NBB,NCDL,RMI,MUC,NUW,NUV,CIK,TWAV,MFM,TCBIO,ACP,ASGI,BBN,BWG,GECC,SBI,NRO,PFLT,PCN,FPF,RDN,CRF,ISBA,FCNCP,BPRE,CLM,NRK,AJG,RFM,NMI,IFN,EVV,PTY,AXS,NBH,WDI,RMMZ,EOT,NNY,KTF,SLM,PJT,JPC,GBCI,RFMZ,FT,ISD,MMD,UTG,MYN,RMM,PFL,MHD,FMN,OCFC,PCM,BTGO,MYI,VINP,IQI,VLT,BRBI,RAND,SPGI,PNI,WAFD,NAC,HBAN,AXP,PMM,MQY,VMO,MHF,ERH,VKQ,HPI,MC,NAZ,SLRC,OWL,MUA,TDF,PUK,BTBT,GBAB,EIC,FUTU,RYAN,KKR,ALLY,JEF,FLG,PMO,DMB,NHS,ASPC,NZF,PCQ,NMZ,ECC,LEO,MKL,HPF,KNSL,STEP,NOAH,NEA,VRTS,JRI,NKX,MMU,OTF,MPA,RCS,VGM,EVN,VCV,PML,CSHR,MEGL,AFB,NAN,NMT,BMN,BX,PDI,SAMG,IIM,DSM,VKI,NAD,FVN,HLNE,SONM,NVG,CASH,MFIC,GGAL,HPS,DGICB,RPC,NDMO,EFSCP,HUIZ,DHY,HGLB,HTT,NMCO,BHF,STC,BCIC,PAPL,GEMI,BBAR,NU,VTN,PDCC,TMS,ERIE,BN,HAPN,SNTG,PNNT,MIAX,SPMC,FNF,BNT,NPV,AGO,PIPR,TRU,BRO,NPB,SUPV,FIGR,HLI,RDAC,ACIC,MATH,NMS,VEL,LAZ,TROO,PAX,SCM,SAR,AON,CG,RM,CCAP,RIBB,GOF,HDB,GSHD,ALTI,KWY,VRM,PLUT,XZO,FG,MDBH,EVR,OCCI,SOFI,TRUP,ATCH,CCIF,KMPR,DTCX,WU,MLCI,FUFU,WTF,SRL,TBBK,CFND,NSLR,ROOT,DEFT,INTR,COHN,ONIT,RILY,TIGR,AMTD,PNBK,WDH,BUR,RKT,ETOR,LMND,FINW,AGBK,DOMH,TGE,AMSF,ABTS,CIA,EQS,BCG,WD,VACI,JRVR,PFSI,YRD,LU,MBI,IPST,UPST,CNCK,CANG,OSG,OPFI,CWD,AAME,ICMB,FINV,FLD,GBFH,ABTC,KLAR,FOA,AFJKU,NCTY,AFJK,ARBK,BLNE,CNF,TREE,KG,GRAN,GSIW,CCB,AURE,STEX,EZRA,SLQT,QFIN,DXF,UWMC,BENF,LDI,EHTH,VCX,ALP,JFIN,ANTA,LX,SOS,BETR,SHFS,AIFU,PMAX,PWCM,INV,ZBAO,AXG,LGHL"
4,Healthcare,91.7,69.3,95.8,59.4,96.58,89.1,100.48,89.1,102.86,89.1,103.55,69.3,"MRNA,IOVA,ANL,TXG,MTNB,TWST,AGL,KOD,CDNA,ABCL,SLS,AGEN,TTRX,RCEL,ERAS,OABI,PLSE,BDSX,ANTX,KRSA,ETON,CLYM,OMER,BFLY,ABSI,ANRO,SYRE,CPIX,RVMD,DRTS,RLYB,NVCT,QTTB,IBRX,GRAL,ORKA,NTRB,AMWL,IMMX,HELP,MRVI,TKNO,ILMN,MANE,DFTX,CUE,AMLX,SGHT,RLAY,SDGR,PSNL,TRAX,NTRA,FTH,ACHV,PGEN,XNCR,MBX,ATRC,NEO,ECOR,PRAX,LQDA,IRD,ARCT,MYO,BOLD,HNGE,GH,YDES,TNGX,ADPT,ENTX,DMRA,XGN,CMPS,HTFL,BVS,REPL,BNR,INBX,FATE,CADL,SOPH,ELVN,MASS,ANIK,VREX,CORT,URGN,HAE,TMCI,MCTA,TVTX,OBIO,SENS,STLN,NEOG,HOWL,RNXT,AMN,YARW,PYXS,OSCR,SION,LBRX,SPRB,BLFS,TENX,ACRS,TRLV,RVTY,AVAH,FTRE,SRZN,LFST,KNSA,STTK,CRL,HALO,CRDL,SLN,STIM,ANAB,AMRX,OGN,AVTR,NRXS,NUTX,PBYI,ROIV,PDEX,SMTI,FDMT,MGNX,CON,IRWD,SEPN,TELA,PACS,PTGX,BRKR,CELU,EWTX,CAI,VSTM,NRIX,HBIO,GHRS,DNTH,SGMT,RIGL,RGEN,CLOV,DCTH,HUM,CBLL,TGTX,MNOV,GKOS,VIR,FRNM,VTRS,IPSC,SLGL,TEVA,MRK,NHC,CNC,PRLD,ORMP,QNCX,BRKRP,ITGR,AXGN,ALVO,LGND,TEM,IQV,CGEM,A,HSCS,IFRX,EOLS,VEEV,XERS,COSM,PVLA,INFU,CSTL,BLTE,CTKB,TMO,ALZN,DNA,MSLE,NXTC,THC,BNGO,CGON,ICCC,ZYBT,LNTH,BIO,CGEN,PARK,KYMR,ARTV,WAT,RPRX,ACOG,ADIL,UFPT,IMVT,PNTG,DXCM,AMGN,FBIOP,NVAX,AZTA,FENC,ANGO,OVID,WST,INSP,APLM,BTSG,JAZZ,QUCY,AVIR,BTSGU,ZLAB,BIIB,KIDS,PLX,PRGO,CNMD,KRYS,LUNG,HURA,ORIC,EXEL,FOCL,MREO,ZNTL,CTOR,GMAB,WHWK,INCY,CERT,INMB,TLPH,IART,INNV,MMED,EPRX,BFRI,GILD,CRON,NGNE,SIBN,PYPD,AVR,CARL,RMTI,SEER,ACHC,BDX,MLSS,KMDA,TECH,HRMY,JNJ,DSGN,LLY,PACB,ONC,AVBP,MD,BMY,AMPH,PFE,TXMD,NRC,SOLV,LFCR,RCUS,IMNM,ICUI,ARGX,WEAV,MTD,BWAY,SY,DGX,NVCR,ACRV,MEDP,BLLN,PBM,UTMD,OPK,MMSI,NDRA,KMTS,GRDN,TARS,AUTL,HSTM,BBNX,EHC,PCVX,PIII,BAX,SLP,CERS,OSUR,CHE,ZYME,MGTX,LIVN,VRTX,LXRX,NBTX,NKTX,TAK,IMRN,NUVB,DHR,USPH,ABBV,STVN,GDRX,IDYA,AUPH,TLX,REGN,ACB,LH,CABR,KPRX,KZIA,ELV,CCEL,ADVB,IKT,CNSP,INM,SHC,PMVP,ARWR,LITS,ALKS,DMAC,CRVS,TRVI,ARQT,CCCC,KURA,DVA,HSIC,ADAG,COGT,INDV,GENB,PHVS,HCM,SGP,INDP,ASTH,CAH,SNDA,AXSM,ICLR,EDSA,JANX,UNH,MCK,NNVC,VCEL,MNPR,VCYT,HITI,QGEN,PLRZ,ADUS,RANI,DNLI,WRBY,DTIL,RDNT,ZVRA,FLGT,OMDA,COCP,BHVN,BMRA,RXRX,ARDT,BLCO,GYRE,UPC,PGNY,ZBIO,PEN,NEPH,BNTX,LFMDP,BMRN,ABOS,HYPD,BHC,INKT,VMD,CVS,SRTA,DXR,PCRX,OPRX,EW,MOH,CLDX,ZBH,PRPO,NVS,MXCT,GSK,MDT,BSEM,RZLT,TNDM,HCSG,TFX,CRSP,CBUS,VANI,GALT,NPCE,SRRK,TSHA,NSYS,ABUS,GMED,HCA,NKTR,CI,COR,SABS,ENSG,INVA,EMBC,RAPP,AYTU,STRO,DERM,UHS,ATNM,RMD,ELAN,ASND,MDGL,ESTA,CBIO,AKTX,MDXG,ATR,CING,MOLN,NRXP,INCR,INMD,AVTX,AQST,AURA,GLSI,NVST,SLDB,AGIO,SVRA,COYA,FMS,SMMT,IPHA,PMN,HLN,JBIO,CYTK,VOR,QSI,IRMD,OSTX,WAY,ABT,BBIO,OTLK,PEPG,HQY,MESO,CV,ABEO,ACIU,VKTX,TECX,COCH,TMDX,BCRX,SRPT,VRDN,IMCR,AUNA,TCMD,LKFT,PAHC,XLO,ELUT,GRDX,MDAI,XWEL,GEHC,RVP,MIRM,ELDN,SNY,BCAX,IMUX,LNSR,UTHR,PHG,VALN,ANIX,ALLO,NBIX,ELMD,STE,IRON,GERN,RYTM,AZN,VERU,RDY,AEMD,ADMA,POCI,CAMP,ISRG,EDIT,NSRX,STAA,TYRA,SRTS,WW,IGC,PDSB,ALEC,SPOK,BIVI,GRFS,SER,VTVT,LFWD,SNDX,PRTA,HYFT,IDXX,OPCH,ICU,DOCS,WGS,OMCL,XBIT,ALC,BKD,IMTX,ATHE,RLMD,DYN,SGRY,CVM,TLSI,ATEC,LUCY,SUPN,MLTX,CMMB,ALGN,PROF,CYH,PRQR,PALI,PTCT,MAZE,RNAC,NCEL,TELO,EVAX,ALT,LMAT,APRE,CELC,PLRX,TVGN,BEAM,ANNX,LRMR,ANIP,HCAT,NTLA,ZURA,INSM,CRMD,BMEA,SCYX,SNN,PTN,CTNM,ENTA,KROS,PHIO,TOVX,CGTX,KYTX,BCTX,UNCY,CGC,JYNT,NERV,MRKR,ASMB,AMRN,ABVX,FBLG,OFIX,SERA,NAUT,HIMS,STOK,MDWD,PBH,AGMB,MGRX,MNKD,ACAD,YI,IBO,XBIO,SYK,SANA,BDTX,BCDA,NVO,ATRA,MDLN,NEUP,AKTS,ENSC,KYNB,IRTC,VNDA,AARD,EQ,LMRI,PHR,OGI,JSPR,AMS,VERA,OKYO,BOLT,ARVN,PRVA,PULM,SINT,EVH,PROK,GLUE,MTVA,GANX,CNTN,MLYS,QTRX,QURE,ALGS,IBIO,PRME,XTLB,ACET,CLPT,PTHS,BLRX,ENOV,INGN,MAIA,VRCA,INAB,XRAY,CHRS,MIRA,MGX,CUVL,COO,CATX,DBVT,BNTC,ALLR,CSBR,OCUL,TDOC,EBS,QNRX,DRIO,GNLX,CPHI,TRDA,ALXO,IMA,CCM,CDIO,LUCD,QNTM,IMDX,TIL,CABA,MLEC,APYX,GDTC,OKUR,IVVD,LEGN,RCKT,GPCR,CCLD,MENS,OWLT,DRUG,HIND,GRCE,XENE,KRRO,XFOR,IVA,ALNY,DH,IMRX,BSX,TNYA,NAMS,SIGA,ARAY,ZTS,CTMX,HROW,SPRC,MYGN,RNTX,AORT,INO,PASG,CTEV,CTXR,RXST,VTGN,OCGN,GLAS,NGEN,BCYC,TARA,FHTX,AVXL,LAB,CRBP,ZJYL,KTTA,CRDF,ONCY,NVNO,GRI,ITOC,XRTX,MEDS,GELS,ALMS,TLSA,BFRG,IXHL,DRMA,FBIO,XTNT,OGEN,PHAR,VYGR,PCSA,ARMP,CRBU,LFMD,PRCT,AAPG,KRMD,CDXS,CURX,HYPR,CLGN,SNOA,RGNX,HUMA,SCNX,ENVB,FULC,TNXP,SHPH,OLMA,NCNA,EXOZ,PODD,LCTX,EVGN,INTS,ADCT,LPCN,PHAT,NSPR,ACON,EIKN,SSII,ARDX,IONS,CLRB,STXS,BTMD,OM,RNA,ABVC,TLRY,GUTS,ENGN,CRVO,COLL,PETS,LXEO,ONMD,AKBA,SCLX,RARE,ANVS,DWTX,SXTP,LYEL,MBIO,IRIX,BIOA,MBOT,ACXP,CELZ,EVO,TRAW,AZTR,PMCB,SNGX,AHCO,BDMD,FLNA,SPRO,MIST,NTHI,YCBD,ATOS,NBP,OCS,REVB,DCGO,NYXH,AIRS,PPBT,BJDX,KLRS,MDXH,EVMN,QDEL,IMNN,LSTA,SPRY,UPB,NIKI,LONA,GTBP,INBS,CAPR,WVE,CANF,VRAX,RDHL,RPID,RGC,DYAI,CUPR,ALDX,HRTX,CNTB,PAVM,ORGO,TPST,CLLS,BGM,GOSS,KAPA,PRFX,QTI,ATYR,ADXN,MPLT,BYSI,TRIB,BBOT,LNAI,AHG,PLSM,LENZ,ESLA,AMIX,TVRD,DARE,IMMP,PLYX,ALHC,LIMN,APUS,NMRA,BMGL,CVRX,CTSO,RGNT,XCUR,LTRN,TCRT,LGVN,HCWB,VRXA,PLUR,ERNA,CNTX,BIAF,WOK,CMPX,BBLG,MCRB,BEAT,FEMY,NNOX,AIM,SCNI,ZCMD,RADX,POM,NNNN,IVF,AIDX,ONCO,CNSY,LEXX,NXL,AEON,APVO,CODX,NRSN,SNTI,SNWV,MODD,RDGT,AKAN,SLBT,ACTU,NMTC,TCRX,IMCC,CALC,MDCX,ELTX,SILO,MNDR,BRTX,CLDI,POAS,SKYE,EYPT,ISPC,DCOY,PMI,CVKD,NXGL,XAIR,ARTL,RNAZ,ACH,PPCB,HCTI,HKPD,GOVX,SBFM,ICCM,GCTK,VVOS,CMND,KPTI,MBRX,ADGM,EDVA,TNON,BDRX,VIVS,VBIO,ELAB,GNPX,KALA,VTAK,VNRX,NUWE,JUNS,PFSA,CRIS,SLXN,JAGX,ENLV,SXTC,NIVF,CDT"
5,Basic Materials,90.28,59.4,94.79,39.6,92.13,59.4,95.38,69.3,93.97,59.4,125.33,89.1,"HLP,NWGL,CLMT,MNTK,AYA,NEWP,SSL,FEAM,MTRN,FRD,CGAU,TGB,MAKO,ERO,AUGO,NEXA,TRX,KRO,MT,TX,SCCO,FCX,VGZ,HBM,NUE,MTA,MEOH,KOP,MATV,ODC,ALTO,DC,SXC,THM,GGB,FF,SSRM,SXT,BHP,NWPX,FSM,UAN,ARIS,TECK,BTG,KALU,IOSP,IAUX,SCL,SVM,JCTC,NEM,NEU,CPAC,ALM,STLD,SKE,HYMC,RS,EGO,IFF,AVNT,ASH,IAG,AU,CF,WPM,GPRE,CLW,ZKIN,RIO,JHX,ASPN,SCZM,FNV,VHI,NTR,BVN,RGLD,WS,LYB,TII,HCC,KWR,NVA,CSTM,ELE,AEM,B,AG,ESI,WFG,HMY,REX,HL,MTUS,NGVT,OGC,PKX,SA,VOXR,CLF,WLKP,RYAM,DD,ASTL,AXTA,DOW,GSM,SQM,BCPC,ECL,CTVA,SBSW,VALE,CBT,VZLA,BCC,EXK,AMTX,CMCL,EMN,CMT,CDE,PAAS,LWLG,CHNR,APD,DRD,ACNT,TFPM,EQX,OR,SHW,CNEY,IPI,MUX,ITRG,ICL,SIM,MTX,GFI,SUZ,PRM,LIN,LZM,HSLV,TMQ,PZG,SSD,PPG,USAS,CE,WRN,LXU,NTIC,WDFC,LAR,KGC,AGI,PPTA,IE,AMR,OGG,USLM,RPM,BMM,CMP,OEC,MOS,AAUC,GROY,SLSR,CRML,ASM,GLDG,GRO,MINE,GAU,FURY,RMIX,SGML,USAU,NAK,ECVT,ELVR,CENX,AA,CNL,SID,SOLS,LOMA,UFPI,NG,BON,CX,CTGO,FSI,USAR,FUL,HWKN,NFGC,SLVM,ALB,VMC,ALOY,TTAM,VMET,MP,IDR,WWR,CC,ASIX,SMG,SEED,EXP,HUN,XPL,WLK,MLM,HDSN,GORO,CRH,ELBM,LUD,GURE,TMC,GEVO,TROX,AMRZ,SMID,NPT,PLG,IONR,OLN,AUST,MSB,USGO,TGLS,GRML,NB,ITP,KNF,HUDI,BIOX,LODE,FMC,NEXM,OMEX,LAC,YMAT,GMTL,UAMY,NMG,FNUC,ATLX,IPX,NAMM,SLI,LGO,AVD,BAK,METC,BGLC,ASPI,METCB,CITR,TMCR,LOOP,FMST,CAPS,SNES,BGL,EMAT,MERC,NXTS,RETO,INHD"
6,Industrials,87.31,49.5,94.92,49.5,89.22,49.5,89.56,39.6,96.44,79.2,101.78,59.4,"PSIG,BURU,EDRY,BUUU,OESX,SWVL,ROMA,BE,ECO,ETS,SIF,CJMB,NCEW,NNBR,MTW,GLBS,MAMK,AP,PKOH,ENGS,CSTE,MAGH,HQI,HHS,TISI,AERT,RCMT,VSTS,TH,TBI,MAN,HAFN,HSHP,CBAT,XMTR,HMR,CYRX,FCEL,CIX,BNC,PRLB,SHIP,KELYB,MG,PLPC,MATX,SATL,EHLD,SB,NMM,VAI,KELYA,TWIN,ASC,SFL,KFRC,CODI,DAC,ATKR,TLIH,CBZ,ATI,FORR,GEO,BEEP,CXW,DSX,SBLK,BWEN,ZIM,SOAR,CMDB,ACCL,XRX,FIX,DCO,WCC,BWMN,ARCB,TITN,QUAD,NVT,USEA,CVU,GIC,DXPE,SKK,IESC,ATRO,PHOE,ARTW,JCSE,SBC,PANL,GNK,HURN,GSL,PBI,EXPD,ESP,RHI,DSGR,DE,ACA,NDSN,MSM,SCWO,NL,EMBJ,WNC,CNH,NSP,WAB,PESI,ARMK,AIRT,HURC,PWR,XOS,NPK,TNET,GRC,CTOS,BXC,CAT,POWL,IEX,POWW,CASS,DNOW,GENC,LXFR,RXO,SMHI,RLGT,AIT,EMR,ETN,GFF,NX,CLH,ULCC,SWBI,GEV,AME,BBCP,JCI,NTIP,VRME,DAL,VRT,ACCO,CODA,RDW,GASS,TKR,FSTR,TRNS,ESEA,UNF,PPIH,KEX,TPCS,CNI,TPC,CVLG,NPO,EBF,ABM,KODK,CSX,SWK,SNDR,CAAP,FA,WTS,TUSK,VVX,WOR,STRL,CDZIP,RGR,RYOJ,KNX,FDX,TTC,TAYD,ENS,ITT,GWW,URI,JBHT,KRNT,PKE,PMA,IA,FLS,GPN,PH,VATE,UNP,JELD,MLI,BETA,AEIS,KFY,LECO,CTAS,CP,CSW,GNRC,FAST,MMM,CMCO,JOB,ENR,FLR,GHM,TTEK,GTES,ICFI,MSA,CDLR,TFII,CECO,DPRO,CR,AZZ,ROK,UHAL,CRESY,KMT,EME,R,AER,FPS,ESLT,HTLD,UUU,VOYG,NVRI,ECG,XPO,EAF,CPA,FTAIM,LSTR,APT,HXL,SPCE,HLIO,TT,OTTR,PPHC,LGN,ACTG,SUNB,KE,VMI,J,NSC,AGCO,ZOOZ,POWWP,ALLE,SXI,CMRE,WERN,AIRTP,LUV,DLX,LAWR,GATX,ITW,GFL,ALTG,TREX,RTX,VLTO,CRS,RYZ,BRC,HRI,ULBI,CCEC,MHH,DCI,ULH,SKYW,UAL,HWM,MGRC,STRRP,CMC,CTRM,EXPO,SNA,EVI,EFTY,EML,PC,PAMT,AWX,GHC,PCAR,CMPR,LMT,HOS,KAZR,MYRG,SPAI,ZWS,RKLB,AIR,RBC,HY,CRAI,FERG,PAM,HUBB,APG,LTM,GE,FELE,ODFL,CETY,DLB,WWD,GGG,YSXT,UPS,BOC,MRTN,MAS,RSG,QRHC,AAL,HON,BCO,FSS,WFF,ZJK,SWIM,AIRJ,GD,BAH,TIC,CLWT,OSK,CMI,STI,ADUR,CSL,DOV,PSHG,TRI,AWI,EPAC,HEI,SAIA,IR,HOVR,RELX,CXT,CVV,HIHO,MRCY,WM,TRC,ALG,KBR,CVR,BKSY,RHLD,WCN,SEB,BGSF,TWI,OC,LNN,MDA,GVA,OMAB,LUNR,APOG,AEBI,RJET,AAON,CHRW,FTEK,SIDU,SKYX,PSIX,BLBD,AYI,SPIR,CARR,TG,PRG,TEX,PRZO,ADSE,NSSC,STRR,SHMD,WLFC,LGPS,IIIN,DRS,RYAAY,ZTO,KAI,CAE,AOS,TRN,WMS,NOC,ESOA,SHIM,VSEC,QNME,LOAR,AERO,SPCB,VSECU,BOOM,WLDN,WBX,BA,ALGT,EGG,TXT,RRX,TRSG,MIDD,CWST,TNC,GBX,NPKI,TDG,ARLO,HYFM,RGP,DUKR,GXO,ADT,FER,AGX,HII,SRFM,MWA,CNM,ALK,OTIS,ACHR,BBSI,OFLX,JBLU,PPSI,ROCK,FWRD,LPX,BW,HLMN,PAC,AIRI,CRE,CW,DXST,STN,VLRS,SFHG,VRSK,PLUG,WFCF,SYM,FCN,SPXC,AMPX,WSC,ROAD,VNTG,NEOV,MMS,APWC,TATT,XYL,SST,FTAI,FLY,CPRT,WSO,HAYW,CDRE,BBUC,LHX,FBIN,NPWR,EQPT,AMTM,JBTM,AREC,OPXS,CDZI,MOB,TE,ASTE,NMAD,ASLE,ELVA,SARO,BLNK,MEC,AIRO,RFIL,RBA,MATW,ULS,AMSC,BV,ASR,REZI,INVE,HUBG,MTRX,CLIR,OPAL,LZ,SITE,PL,EFX,AMRC,AXON,ILAG,ORN,MTZ,BWXT,CAR,GFUZ,CDNL,DY,PEW,RAIL,MIR,POOL,MSGY,MWG,RTO,HXHX,BLDP,EVLV,ACM,AVAV,ATXG,LII,ABAT,JLHL,JBI,NWCL,ESAB,IVDA,AQMS,HUHU,EVEX,ATS,NNE,TGEN,ICON,KTOS,GPGI,BGMS,PRIM,BTOC,ARQ,RR,DLHC,RCAT,QXO,WXM,FBGL,GFAI,POLA,ERII,GWAV,FIP,BLDR,PMEC,XPON,FLX,ONT,MNTS,ONEG,PNR,SPPL,TOMZ,SMR,LMB,BKYI,FAC,BCHT,JOBY,SLND,JYD,SERV,SNT,PCT,LTBR,LNZA,GLXG,FBYD,MGN,PCTTU,GRNQ,CCTG,GCDT,UFG,GNTA,ZDAI,XTIA,LASE,ZTG,INTJ,PAL,KRMN,LICN,HTZ,FLYX,DFSC,EH,ELOG,EOSE,YFOR,GP,DGNX,MTEN,FOFO,ENVX,YDDL,NVX,PLAG,RVSN,OIO,RAYA,HTCO,LIQT,FLUX,DFLI,BYRN,BAER,YSS,AEHL,HDRN,CIRC,THH,CDTG,SLGB,INLF,SCAG,GVH,UP,FJET,MIMI,RAIN,ANPA,LNKS,KSCP,ZONE,CIIT,EVTL,MRLN,EHGO,SMX,EPOW,XCH,GPUS,OPTT,DFNS,OFAL,WATR,GWH,TOPP,SGLY,KITT,NXAT,IPDN,OLOX,RUBI,HCAI,SUGP,LBGJ,SDST,VWAV,ELPW,VCIG,NCT,FGL,CISS,CTNT"
7,Communication Services,85.81,39.6,99.03,99.0,86.51,29.7,88.03,29.7,89.46,19.8,88.41,19.8,"MPU,XHLD,TNMG,FIRY,BBGI,ATEX,EVC,CNET,NBIS,AMC,IRDM,RDIB,RDI,MCS,MF,TRVG,IMAX,MGNI,VEON,TIGO,WPP,GSAT,SKM,CNK,IDT,MSGS,STRZ,MSGE,LILA,MDIA,DDI,ROKU,LILAK,JOYY,NMAX,STGW,ZD,AMCX,MSGM,VOD,SPHR,ATNI,PCLA,RUM,ANGH,NXDR,WBD,DV,BATRA,SLE,WLYB,BATRK,ANGX,WLY,META,MTCH,LEE,MANU,TEO,EDHL,GOOGL,GITS,ELWT,NEXN,GOOG,CCO,PSO,VZ,CHT,BZFD,NWSA,GRVY,ZH,SIRI,FLNT,RSVR,ATHM,NWS,FOXA,GCL,GRPN,FOX,T,GTN,OPRA,LYV,ZIP,DIS,KT,LLYVA,LLYVK,TDAY,QNST,LBTYB,GAME,PPLI,CTW,OMC,KYIV,ADV,WMG,SCHL,FWONA,FWONK,CARS,KVHI,AD,GIBO,ZDGE,SNAP,NTES,PAAI,AMX,EDUC,SOGP,PHI,SPOT,SIFY,BZ,YDKG,ECHO,CURI,GIGM,BCE,UPXI,SOHU,SBGI,VIV,WBTN,RCI,NYT,DIBS,TOON,DJT,PERI,SSP,TDS,NXST,PSKY,TKO,GENI,DLPN,TKC,CARG,HUYA,EVER,TV,TTWO,SJ,TMUS,CXDO,PODC,CMCSA,TBLA,DOYU,SHEN,TLK,TSQ,TIMB,SGA,VSNT,NRDS,KRKR,LBTYA,MAX,NIPG,LUMN,SWAG,GLIBK,LBTYK,CRTO,PINS,MOMO,GLIBA,NFLX,FENG,MYPS,IOTR,MCHX,LFS,RDDT,RDCM,WB,CNVS,OPTU,GDEV,BIDU,ANGI,BMBL,AENT,TME,BILI,IQ,SNAL,TU,GMHS,IZEA,UPWK,YELP,FUBO,MNY,FVRR,LCFY,UONEK,TZOO,ZG,NCMI,Z,IHRT,CHTR,PLTK,TEAD,ACCS,GIFT,RBLX,UONE,CMCM,IQST,CHR,APP,STFS,SEAT,BODI,GOGO,PLAY,WSHP,GAIA,VSME,STUB,TTD,LVO,GXAI,DKI,CDLX,CCOI,NAMI,CCG,WIMI,DRCT,SSTK,CHAI,TC,GDC,NIXX,UCL,KUST,SURG,FNGR,TDIC,CAST,CPOP,CABO,ZNB,TRUG,GETY,BAOS,HAO,ONFO"
8,Real Estate,83.94,29.7,93.35,19.8,87.66,39.6,89.68,49.5,93.32,39.6,91.78,29.7,"CLDT,WHLRP,CBL,PEB,PK,NHPBP,RLJ,DHC,DRH,APLE,CHCI,LXP,PSTL,NXDT,LTC,RHP,JAN,NREF,RFL,CHMI,PETZ,HST,WELL,SHO,EQIX,CTO,XHR,RMR,JOE,GOOD,MAC,ADAMN,OUT,DOC,INN,FPI,COLD,LAMR,ILPT,IRM,CURB,CDP,ADAML,IHS,EGP,ADAM,EPR,HIW,TRNO,AHR,CLPR,LAND,VTR,FR,ADAMM,OHI,SBRA,REXR,PDM,AGNCL,AGNCP,UMH,AGNCO,FVR,BPYPN,AGNCM,DEA,SPG,BPYPO,AGNCN,DLR,PLD,LANDP,BEKE,IIPR,ALX,XRN,AAT,STRW,CUZ,LANDO,BPYPP,HPP,SLG,ESS,MAYS,AGNCZ,OLP,BNL,STHO,FRT,HHH,VTMX,UNIT,PINE,SKYH,STAG,PECO,KIM,KRG,SMA,CUBE,HR,PSA,MMI,GNL,CTRE,SEG,ONL,SKT,REG,IVT,BRX,NNN,EFC,WHLRD,AMH,WPC,JLL,EXR,NLY,SELF,GTY,AMT,GOODN,REFI,VNO,AGNC,REGCP,UE,CSR,DX,VMRK,INVH,CCS,BXP,TCI,ARI,ELS,NTST,UHT,LRHC,RITM,AKR,FOR,ADAMZ,AHRT,BRT,FCPT,KRC,AXR,LINE,SACH,BDN,O,EUDA,IHT,GBR,IRS,ADC,ARL,REGCO,MRP,MLP,ARR,UDR,MDRR,BFS,AOMR,COMP,CPT,ACRE,CHCT,SUI,IRT,ARE,NLOP,ORC,HBNB,LADR,MAA,SBAC,CBRE,GLPI,EPRT,KREF,IVR,MFA,FRPH,FPH,ELME,SEVN,RYN,NHI,VICI,MRNO,FSV,STWD,RENX,SQFTP,DEI,SUNS,WY,SAFE,CCI,LRE,LOAN,NEN,CIM,CWK,ASPS,TRTX,RWT,MITT,OZ,CIGI,LPA,BHM,FBRT,MPT,NMRK,RPT,SITC,BRSP,DOUG,PW,SVC,PMT,OGCP,NXRT,BXMT,AIV,NYC,ESBA,BHR,ESRT,AHT,FISK,SDHC,CSGP,JBGS,REAX,GYRO,RC,ABR,DUO,SRG,UK,MKZR,GPMT,ACR,AGNT,FTHM,FSP,FRMI,CMTG,LFT,OPAD,SQFT,OPEN,AEI,LHAI,AIRE,CMCT,CHGA,GIPR,OMH,WHLR"
9,Utilities,82.71,19.8,93.16,9.9,86.43,19.8,85.52,9.9,91.23,29.7,103.83,79.2,"NXXT,DGXX,ENLT,ELPC,RNW,HTO,GNE,AES,AWR,ELLO,NWE,ENIC,KEN,UGI,ARTNA,BKH,TXNM,BIP,WTRG,UTL,CPK,NRGV,PCYO,GWRS,CIG,CWT,EVRG,MSEX,YORW,NJR,FTS,OGE,NWN,SWX,ED,AWK,PNW,D,AEP,ETR,NGG,XIFR,EMA,SBS,RGCO,SR,MDU,IDA,FE,AEE,CEG,SPH,BEP,DUK,ES,POR,OGS,LNT,WEC,ATO,PPLC,NEE,XEL,SOMN,AVA,PPL,SO,CWEN,EXC,AQN,BIPC,CNP,CEPU,TAC,NI,VST,MGEE,DTE,SRE,CWCO,EDN,CMS,TLN,PEG,ORA,EIX,KEP,SAFX,WAVE,HNRG,AGIG,MWH,CTRI,BEPC,VGAS,PCG,HE,NRG,HTOO,NKLR,OKLO,BESS,IMSR,FLNC,STEM,PBK,ONEN,BRNX"
10,Consumer Cyclical,82.56,9.9,93.85,29.7,83.64,9.9,87.39,19.8,89.23,9.9,88.31,9.9,"UCAR,VNCE,HBB,ABLV,KRT,ANDG,VSXY,HZO,ROLR,LIND,CAKE,AOUT,NDLS,JILL,FGI,TLYS,JRSH,FLXS,FOSL,HYLN,LCUT,LVLU,UFI,CURV,ESYN,ACVA,VRA,RRGB,SN,CHPT,WEYS,KBSX,VAC,BZH,BJRI,CBRL,FIGS,ANF,MYE,HCHL,BTBD,MOV,FWDI,BDL,VGNT,FNKO,LQDT,EAT,PRTS,KMX,GTX,RCKY,JAKK,VEEE,LTH,CROX,RUSHB,BBY,ESCA,VIOT,ROST,LEGH,PAG,XMAX,MLR,SIG,HVT,PRSU,FIVE,DBI,GTEC,SG,DLTH,CVEO,GEF,SHOO,LUXE,DDS,CVGI,HNI,JWEL,LITB,MGA,CULP,SGC,CTRN,ZGN,GCO,ABNB,TILE,BWA,CDRO,HMC,WSM,M,IHG,SBH,BLMN,W,FTDR,BWMX,GLBE,YJ,MAR,MLKN,GAP,RUSHA,BSET,LOCO,TLF,KSS,GM,GTIM,BALY,CLAR,CAAS,MRDN,DAN,MHK,ETSY,EBAY,HOG,HAS,MUSA,AMZN,CNNE,GPC,EFOI,WWW,ALSN,BNED,PSNYW,ARHS,SKY,URBN,CZR,ETD,HLT,ULTA,ORBS,SW,PKG,MCRI,AMBP,EXPE,RICK,ZKH,NAAS,RGS,MTN,RDNW,SRI,RACE,GRWG,OPLN,BZUN,AMCR,CALY,PTRN,SBUX,CART,AUR,QSR,MWYN,HRB,MED,INTG,CAL,GME,AKA,FOXF,AVY,COLM,CCK,JOUT,LEA,THRM,PVH,SON,NATH,YETI,AIN,DRI,SMP,WPRT,BALL,HTHT,TRS,PLOW,RL,CPHC,MOD,PUSA,ALV,VIK,AEO,XPEL,CHH,VIRC,LAKE,SORA,H,F,HOFT,KMRK,LAD,TM,HOUR,SCI,LOVE,CVCO,OSW,MHO,MGIH,SVV,DORM,LGIH,KNDI,ASO,CHA,VFS,ARCO,GRBK,INEO,DASH,DIN,CRWS,TOL,BRLT,PHM,JXG,TNL,YUMC,BH,HOV,PTLE,HTLM,REYN,SPHL,ATAT,DCH,JD,BKE,HEPS,ALH,ACEL,SGHC,DHI,LVWR,MCFT,RECT,GNTX,GIII,CRI,KEQU,BURL,LEVI,LOBO,ORLY,DOO,WH,MELI,BOBS,MTH,TXRH,PHIN,CASY,CMG,CCL,RIVN,NVR,VFC,YUM,CVNA,TJX,RCL,BC,RVLV,SE,NXB,BABA,NWTG,PII,VC,KTB,TOUR,GOLF,ATMU,LEN,BRIA,IP,ADNT,COOK,JACK,TPR,STRT,ONEW,DPZ,DSS,MAT,PTON,LE,VVV,BKNG,RERE,REBN,MBUU,ELA,MOGU,TSLA,LKQ,AZO,SLGN,DRVN,HLLY,WGO,THO,LZB,HD,STKS,WBUY,ABG,SAH,KBH,YTRA,MCD,PACK,LCII,RRR,PENN,MNRO,CYD,RSI,LOW,WEN,SHOE,HDL,SHAK,CHDN,IBP,VIPS,TRON,AN,BIRK,JMIA,MMYT,ECX,AS,BRSL,HGV,WOOF,SGI,MBLY,PDD,BYD,FND,MGM,GIL,TSCO,FWRG,GGR,YHGJ,MPAA,UA,PRKS,GENK,JZXN,ONON,DECK,GPK,CAVA,UAA,BBWI,REAL,SPWH,BOOT,HSAI,CPRI,MAMO,BFAM,RAVE,CSV,TCOM,LVS,WKHS,CATO,AAP,SLDP,ATER,JL,GHG,WYNN,RH,SYPR,CNTY,CPS,ARKO,MLCO,EMPD,GPI,PATK,LI,PLBY,BARK,WINA,JBDI,GT,ARKR,EYE,NIU,OXM,NKE,NCLH,GOOS,DKNG,FLWS,CHWY,PTLO,BQ,MBC,ZUMZ,LULU,LOT,TKLF,NTRP,MB,BGSI,KRUS,CPNG,LUCK,BRAG,CENN,PLBL,LANV,DKS,DFH,BBW,DXLG,ASBP,APTV,LIVE,TRIP,BROS,XPOF,THCH,ROL,SFIX,NIO,STLA,MNSO,CWH,SMJF,WHR,GDHG,AHMA,EVGO,MMA,PLCE,FUN,BRCB,PLNT,WING,XPEV,FLL,FLUT,PZZA,QS,EJH,PASW,HERE,NEGG,CLIK,OI,MRM,NXH,CGTL,UXIN,DOGZ,OCG,GRSD,CHSN,FMFC,FLYE,SES,XELB,INVZ,LCID,VENU,NHTC,FRSX,INSE,MVST,RENT,TDUP,BXBL,SEGG,SDA,WKSP,MSC,AZI,MYSZ,NOMA,WNW,PSNY,AIIO,EZGO,TRNR,MKDW,VMAR,SSM,KXIN,CRMT,PRPL,CCHH,MI,NEXR,NCI,UZX,JEM,LESL,DBGI,IPW,FFAI,DCX"
11,Consumer Defensive,78.45,0.0,92.94,0.0,81.24,0.0,84.1,0.0,80.92,0.0,84.95,0.0,"UTZ,CHEF,HNST,WEST,TBBB,ACU,TGT,YQ,DAO,SENEB,PRE,DAR,EEIQ,AGCC,SENEA,WYHG,EPC,ELF,HELE,MTEX,NWL,VFF,ADM,SPB,KO,IPAR,COKE,ANDE,SJM,PM,UNFI,GOTU,BOF,VLGEA,MICC,KOF,PSMT,AFRI,EL,UG,BG,WVVIP,LAUR,GO,TAL,KDP,FMX,MO,BUD,CCEP,EDTK,ABEV,IMKTA,DG,USFD,AGRO,EDU,AVO,DEO,COTY,CENT,BJ,KVUE,LFVN,CHD,LSF,HLF,OTLY,MNST,JVA,COCO,CHSCL,CHSCO,PFAI,CHSCN,NGVC,MDLZ,PG,CL,CENTA,WMK,SYY,CHSCM,UL,ATTT,DLTR,COST,MH,FRPT,ALCO,FIZZ,MAGN,KHC,KR,DDL,CHSCP,BTI,LW,WMT,CVSA,TR,DMC,DSY,NOMD,JJSF,STRA,KMB,DOLE,CCU,OLLI,PRMB,CAG,PFGC,INGR,PEP,JBSS,BNKK,UCFI,LND,AIIR,LMNR,WAFU,PRDO,BUDA,XXI,TSN,FEDU,HSY,LOPE,MAMA,DIT,AQB,TAP,APEI,SNDL,BRCC,SKIL,MKC,LGCY,FC,GIS,JBS,HRL,LWAY,LRN,RYM,ODD,CALM,HFFG,CPB,GROV,SAM,STZ,AACG,UVV,CLX,SFD,LXEH,PPC,AFYA,COOT,ISPR,RLX,BRID,OFRM,BRLS,DNUT,SLSN,PXED,ACI,RYET,POST,TULP,AMBO,SFM,MZTI,BGS,GNLN,MYND,CELH,CLNN,USNA,EPSM,CHGG,MGPI,COUR,ZVIA,IH,FTLF,NUS,LOCL,TPB,ATPC,HAIN,YSG,NAGE,SKIN,FLO,LINC,STG,NATR,WVVI,WALD,SMPL,RMCF,NAII,IBG,VITL,COE,UTI,TANH,YOUL,KLC,STKH,GNS,BRBR,SOWG,VHUB,GSUN,BHST,BRFH,BYND,FCHL,NCRA,REED,VSA,AGRZ,MSS,FAMI,RKDA,PAVS,SDOT,YHC,SRXH,BYAH,DDC,KIDZ,JDZG,XXII,EDBL,TWG"
